pattern_id,family,sharpe,n_days,n_form,n_skip,leg,trade_cost,fin_drag,psr0,dsr,dsr_ok,n_trials,fallbacks,hold,weighting
fx_momentum_l63_h126_inverse_vol,fx_momentum,0.15823215197324303,3843,31,0,3.0,0.010440040121947918,0.07393150684931364,0.7324638473373158,0.3397306861364566,True,36,0/62,126,inverse_vol
fx_carry_s1_h126_equal,fx_carry,0.1371750022943433,3843,31,0,3.0,0.0015600000000000002,0.07393150684931364,0.7033696104328409,0.31121581311678825,True,36,0/0,126,equal
fx_carry_s1_h63_equal,fx_carry,0.13425591492145184,3843,61,0,3.0,0.0017333333333333335,0.07393150684931364,0.6994478794354174,0.3071892651364626,True,36,0/0,63,equal
fx_carry_s6_h63_equal,fx_carry,0.13053444010799686,3843,61,0,3.0,0.0013,0.07393150684931364,0.6943828320840078,0.3021188336189162,True,36,0/0,63,equal
fx_carry_s3_h126_equal,fx_carry,0.12415450340693811,3843,31,0,3.0,0.0015600000000000002,0.07393150684931364,0.6856408860593973,0.2934852069410598,True,36,0/0,126,equal
fx_momentum_l63_h126_equal,fx_momentum,0.12345118972431288,3843,31,0,3.0,0.00988,0.07393150684931364,0.685463966006005,0.2916691287964748,True,36,0/0,126,equal
fx_carry_s3_h63_equal,fx_carry,0.11788977612257841,3843,61,0,3.0,0.001906666666666667,0.07393150684931364,0.6769917082610628,0.28507177509867665,True,36,0/0,63,equal
fx_carry_s6_h126_equal,fx_carry,0.1101631071716307,3843,31,0,3.0,0.0013,0.07393150684931364,0.6661003832478982,0.27495240888585515,True,36,0/0,126,equal
fx_carry_s1_h126_inverse_vol,fx_carry,0.10552201160182409,3843,31,0,3.0,0.002574864934314853,0.07393150684931364,0.6595778620808896,0.26884317849729134,True,36,0/62,126,inverse_vol
fx_carry_s1_h63_inverse_vol,fx_carry,0.10416171035738178,3843,61,0,3.0,0.003354924207643687,0.07393150684931364,0.6574762986079372,0.26731007252290784,True,36,0/122,63,inverse_vol
fx_carry_s3_h63_inverse_vol,fx_carry,0.0926943381023716,3843,61,0,3.0,0.0035738056192977487,0.07393150684931364,0.6409818154215217,0.25273791704375903,True,36,0/122,63,inverse_vol
fx_carry_s3_h126_inverse_vol,fx_carry,0.0863047709773454,3843,31,0,3.0,0.0025621273628144803,0.07393150684931364,0.6317530559444171,0.24465177771517083,True,36,0/62,126,inverse_vol
fx_carry_s6_h63_inverse_vol,fx_carry,0.08547431651421795,3843,61,0,3.0,0.002988556743204611,0.07393150684931364,0.6304345253485077,0.24380413936689044,True,36,0/122,63,inverse_vol
fx_carry_s6_h126_inverse_vol,fx_carry,0.07418466767584414,3843,31,0,3.0,0.0023354537690950953,0.07393150684931364,0.613826590141626,0.2300043324626922,True,36,0/62,126,inverse_vol
fx_reversal_l756_h63_inverse_vol,fx_long_run_reversal,0.050797932489347074,3843,61,0,3.0,0.008901205107563977,0.07393150684931364,0.5786224280454033,0.20294178608548713,True,36,0/122,63,inverse_vol
fx_blend_s3_l126_h126_equal,fx_carry_momentum_blend,0.04604570626322734,3843,31,0,3.0,0.006673333333333335,0.07393150684931364,0.57129446767054,0.19792770411203026,True,36,0/0,126,equal
fx_blend_s3_l126_h126_inverse_vol,fx_carry_momentum_blend,0.025537385250363448,3843,31,0,3.0,0.007392724279299841,0.07393150684931364,0.5397036291739229,0.17632973833750076,True,36,0/62,126,inverse_vol
fx_blend_s3_l126_h63_equal,fx_carry_momentum_blend,0.005666409999950715,3843,61,0,3.0,0.01031333333333333,0.07393150684931364,0.5088256811412779,0.15690732632239895,True,36,0/0,63,equal
fx_reversal_l756_h126_inverse_vol,fx_long_run_reversal,0.0011087902382275634,3843,31,0,3.0,0.006101670045672605,0.07393150684931364,0.5017271923078976,0.15266146268209851,True,36,0/62,126,inverse_vol
fx_reversal_l756_h63_equal,fx_long_run_reversal,-0.0031325303226455085,3843,61,0,3.0,0.00754,0.07393150684931364,0.49512055337296956,0.1487915031194874,True,36,0/0,63,equal
fx_blend_s3_l126_h63_inverse_vol,fx_carry_momentum_blend,-0.02142977579656585,3843,61,0,3.0,0.012162494075229839,0.07393150684931364,0.466652004630331,0.13279834176922706,True,36,0/122,63,inverse_vol
fx_momentum_l252_h126_inverse_vol,fx_momentum,-0.045539403039218655,3843,31,0,3.0,0.008524002554056193,0.07393150684931364,0.4294032825079815,0.11356988471275681,True,36,0/62,126,inverse_vol
fx_momentum_l126_h63_inverse_vol,fx_momentum,-0.05062182793818942,3843,61,0,3.0,0.01628736990608497,0.07393150684931364,0.421710336723339,0.11006143270552476,True,36,0/122,63,inverse_vol
fx_reversal_l1260_h126_inverse_vol,fx_long_run_reversal,-0.05553613150633247,3843,31,0,3.0,0.004882491529616695,0.07393150684931364,0.41388364042385084,0.10557991349464613,True,36,0/62,126,inverse_vol
fx_momentum_l252_h63_equal,fx_momentum,-0.06136296751351771,3843,61,0,3.0,0.011266666666666666,0.07393150684931364,0.40530150971467827,0.10217331100727078,True,36,0/0,63,equal
fx_reversal_l756_h126_equal,fx_long_run_reversal,-0.07203101795413587,3843,31,0,3.0,0.005373333333333332,0.07393150684931364,0.38931600654117804,0.09510582794803107,True,36,0/0,126,equal
fx_momentum_l252_h126_equal,fx_momentum,-0.07486586987208989,3843,31,0,3.0,0.00806,0.07393150684931364,0.3849462307212123,0.09298418389130242,True,36,0/0,126,equal
fx_momentum_l252_h63_inverse_vol,fx_momentum,-0.07552252491854394,3843,61,0,3.0,0.012793394560308593,0.07393150684931364,0.38399952809887783,0.0926236253131697,True,36,0/122,63,inverse_vol
fx_momentum_l126_h63_equal,fx_momentum,-0.0807725125507938,3843,61,0,3.0,0.014993333333333329,0.07393150684931364,0.3764477788514531,0.089734143623526,True,36,0/0,63,equal
fx_reversal_l1260_h63_inverse_vol,fx_long_run_reversal,-0.08546960381507351,3843,61,0,3.0,0.007264135970568404,0.07393150684931364,0.3685526416989217,0.08516419438153444,True,36,0/122,63,inverse_vol
fx_reversal_l1260_h63_equal,fx_long_run_reversal,-0.1344044396517069,3843,61,0,3.0,0.005546666666666667,0.07393150684931364,0.29880488405148786,0.059001036015267475,True,36,0/0,63,equal
fx_momentum_l126_h126_equal,fx_momentum,-0.16289845104980089,3843,31,0,3.0,0.009880000000000002,0.07393150684931364,0.2618987233765174,0.0475340290899992,True,36,0/0,126,equal
fx_reversal_l1260_h126_equal,fx_long_run_reversal,-0.16466451044326857,3843,31,0,3.0,0.0039000000000000016,0.07393150684931364,0.25859214191954133,0.04602460486643071,True,36,0/0,126,equal
fx_momentum_l126_h126_inverse_vol,fx_momentum,-0.1893173569893881,3843,31,0,3.0,0.010298738470141443,0.07393150684931364,0.2292613391607755,0.03806722897940305,True,36,0/62,126,inverse_vol
fx_momentum_l63_h63_inverse_vol,fx_momentum,-0.3028741938917163,3843,61,0,3.0,0.02360350100526187,0.07393150684931364,0.11871058027949205,0.013557419577006203,True,36,0/122,63,inverse_vol
fx_momentum_l63_h63_equal,fx_momentum,-0.30811232131168753,3843,61,0,3.0,0.02287999999999999,0.07393150684931364,0.11507099173292151,0.012981208250443311,True,36,0/0,63,equal
