,EUR,GBP,JPY,AUD,CHF,CAD,NZD,SEK,NOK,USD
1995-01-01,6.66,6.63778,,8.37,,7.838,9.29,8.02,5.76,6.24
1995-02-01,6.59,6.80391,,8.08,,8.118,9.37,7.9,5.46,6.16
1995-03-01,7.58,6.72554,,8.13,,8.314782609,9.42,8.67,5.39,6.15
1995-04-01,7.29,6.73633,,7.89,,8.148421053,9.23,8.78,5.36,6.11
1995-05-01,7.04,6.77616,,7.7,,7.561363636,9.1,8.77,5.67,6.02
1995-06-01,7.08,6.71484,,7.55,,7.047727273,9.04,9.16,5.79,5.9
1995-07-01,6.92,6.87686,,7.56,,6.666,8.84,9.26,5.62,5.77
1995-08-01,6.66,6.87568,,7.58,,6.586818182,9.03,9.15,5.34,5.77
1995-09-01,6.5,6.79539,,7.49,,6.6875,9.22,8.92,5.36,5.73
1995-10-01,6.75,6.81783,,7.47,,6.697619048,8.69,8.86,5.34,5.79
1995-11-01,6.45,6.72088,,7.46,,6.008095238,8.31,8.84,5.22,5.74
1995-12-01,6.32,6.54985,,7.43,,5.895263158,8.56,8.62,5.43,5.62
1996-01-01,5.81,6.44718,,7.46,,5.546818182,8.61,8.19,5.48,5.39
1996-02-01,5.58,6.24554,,7.47,,5.222857143,8.51,7.66,5.26,5.15
1996-03-01,5.5,6.13988,,7.53,,5.214761905,8.86,7.08,4.92,5.29
1996-04-01,5.27,6.08452,,7.57,,5.008571429,9.22,6.25,4.7,5.36
1996-05-01,5.06,6.11651,,7.55,,4.809090909,9.82,6.19,4.76,5.36
1996-06-01,5.08,5.93477,,7.57,,4.849,10.04,5.79,4.93,5.46
1996-07-01,5.06,5.82167,,7.56,,4.732727273,10.12,5.43,4.99,5.53
1996-08-01,5.08,5.83647,,6.92,,4.267619048,9.87,5.17,5.02,5.4
1996-09-01,4.86,5.86365,,6.91,,4.0785,9.9,4.8,5.09,5.51
1996-10-01,4.69,6.01953,,6.7,,3.516818182,9.61,4.61,5.04,5.41
1996-11-01,4.57,6.38579,,6.45,,3.0195,8.97,4.43,4.39,5.38
1996-12-01,4.5,6.43164,,6.13,,3.1225,8.08,3.88,4.14,5.44
1997-01-01,4.39,6.41491,,5.82,,3.152727273,7.55,3.76,3.52,5.43
1997-02-01,4.43,6.28848,,5.91,,3.116,7.46,3.93,3.52,5.37
1997-03-01,4.5,6.30413,,6.05,,3.2175,7.58,4.13,3.51,5.53
1997-04-01,4.39,6.45437,,6.04,,3.460454545,7.49,4.03,3.5,5.71
1997-05-01,4.3,6.53214,,5.87,,3.321904762,7.02,4.09,3.46,5.7
1997-06-01,4.29,6.66462,,5.35,,3.265238095,6.96,4.05,3.51,5.66
1997-07-01,4.3,7.04144,,5.19,,3.531818182,7.79,4.06,4.0,5.6
1997-08-01,4.36,7.24349,,4.9,,3.638,8.34,4.17,4.04,5.6
1997-09-01,4.31,7.29687,,4.77,,3.626666667,8.06,4.11,3.94,5.6
1997-10-01,4.44,7.35615,,4.83,,3.799545455,7.76,4.23,3.97,5.65
1997-11-01,4.49,7.62617,,4.95,,3.994736842,7.6,4.31,3.95,5.74
1997-12-01,4.37,7.7179,,5.07,,4.567142857,8.3,4.42,3.87,5.8
1998-01-01,4.26,7.5854,,4.99,,4.651904762,8.89,4.41,3.82,5.54
1998-02-01,4.24,7.54395,,4.97,,4.9775,8.95,4.33,3.84,5.54
1998-03-01,4.11,7.56676,,4.96,,4.874090909,9.0,4.48,4.08,5.58
1998-04-01,4.09,7.53533,,4.92,,4.898095238,9.26,4.47,4.15,5.58
1998-05-01,4.06,7.4881,,4.96,,5.02,8.88,4.49,4.47,5.59
1998-06-01,4.02,7.71396,,5.32,,5.016818182,9.15,4.2,4.82,5.6
1998-07-01,3.95,7.80622,,5.17,,5.051363636,7.75,4.11,5.35,5.59
1998-08-01,3.93,7.72824,,5.19,,5.3055,6.79,4.19,6.74,5.58
1998-09-01,3.93,7.46768,,5.03,,5.60047619,5.79,4.19,8.03,5.41
1998-10-01,3.81,7.22061,,4.83,,5.275238095,4.85,4.17,7.92,5.21
1998-11-01,3.69,6.97448,,4.88,,5.147,4.5,3.79,7.96,5.24
1998-12-01,3.37,6.46034,,4.8,,5.002857143,4.38,3.42,8.24,5.14
1999-01-01,3.1321,5.92171,,4.79,,5.0045,4.47,3.27,7.72,4.89
1999-02-01,3.0934,5.53197,,4.77,,5.0335,4.3,3.14,7.27,4.9
1999-03-01,3.04669565217391,5.42287,,4.81,,5.057391304,4.59,3.13,6.88,4.91
1999-04-01,2.69645454545455,5.31773,,4.76,,4.716666667,4.64,2.87,6.55,4.88
1999-05-01,2.57895238095238,5.34875,,4.86,,4.6155,4.67,2.92,6.66,4.92
1999-06-01,2.62668181818182,5.22114,,4.93,,4.815454545,4.74,2.97,6.48,5.13
1999-07-01,2.67645454545455,5.16688,,4.89,0.955,4.792857143,4.72,3.01,6.35,5.24
1999-08-01,2.69504545454545,5.25409,,4.92,0.92453125,4.924761905,4.77,3.0,6.09,5.41
1999-09-01,2.72668181818182,5.4107,,5.01,0.900516,4.83047619,4.94,3.05,5.97,5.5
1999-10-01,3.37566666666667,6.02564,,5.31,1.8848,5.014,5.1,3.23,6.37,6.13
1999-11-01,3.46768181818182,5.8725,,5.44,1.6871356,5.040952381,5.35,3.38,6.15,6.0
1999-12-01,3.44604545454545,6.05531,,5.65,1.74320418181818,5.135238095,5.67,3.41,5.97,6.05
2000-01-01,3.34314285714286,6.13632,,5.66,1.72924735,5.025,5.68,3.57,5.88,5.95
2000-02-01,3.53676190476191,6.23781,,5.8,2.23797919047619,5.0325,5.93,3.9,5.89,6.01
2000-03-01,3.74704347826087,6.22838,,5.89,2.43072330434783,5.108,6.26,4.06,6.0,6.14
2000-04-01,3.92527777777778,6.29647,,6.04,2.8121195,5.35,6.49,3.99,6.23,6.28
2000-05-01,4.36204545454546,6.30356,,6.31,3.01037731818182,5.664,6.77,3.96,6.5,6.71
2000-06-01,4.50172727272727,6.22682,,6.23,3.20290635,5.5525,6.88,3.94,6.72,6.73
2000-07-01,4.58290476190476,6.19247,,6.2,3.29050628571429,5.6,6.83,4.03,6.91,6.67
2000-08-01,4.77708695652174,6.21754,,6.49,3.30846527272727,5.618,6.74,4.0,7.12,6.61
2000-09-01,4.85280952380952,6.20569,,6.57,3.3217070952381,5.5725,6.66,3.94,7.33,6.6
2000-10-01,5.04127272727273,6.16274,,6.41,3.34387236363636,5.5975,6.65,3.99,7.52,6.67
2000-11-01,5.09195454545454,6.08629,,6.33,3.34746895454545,5.668,6.64,4.0,7.43,6.65
2000-12-01,4.93915789473684,5.95539,,6.2,3.25550668421053,5.52,6.71,4.07,7.42,6.45
2001-01-01,4.77072727272727,5.84578,,5.91,3.25396728571429,5.236,6.53,4.07,7.41,5.62
2001-02-01,4.7558,5.75655,,5.59,3.34404575,5.0475,6.48,4.1,7.32,5.26
2001-03-01,4.70863636363636,5.55126,,5.14,3.26320313636364,4.595,6.25,4.06,7.39,4.89
2001-04-01,4.682,5.40449,,4.86,3.12508536842105,4.5025,5.97,3.94,7.48,4.53
2001-05-01,4.63668181818182,5.24858,,4.89,3.0529099047619,4.34,5.79,4.01,7.45,4.02
2001-06-01,4.45357142857143,5.25854,,4.97,3.10380645,4.26,5.82,4.17,7.42,3.74
2001-07-01,4.46713636363636,5.25436,,5.04,3.12780690909091,4.18,5.79,4.31,7.37,3.66
2001-08-01,4.35352173913043,4.99658,,4.95,3.07501459090909,3.936,5.83,4.28,7.31,3.48
2001-09-01,3.98285,4.72946,,4.55,2.66832555,3.3325,5.57,4.01,7.14,2.87
2001-10-01,3.59986956521739,4.42821,,4.36,2.06915434782609,2.728,5.15,3.7,6.94,2.31
2001-11-01,3.38568181818182,3.99675,,4.28,1.93803509090909,2.1525,4.87,3.68,6.9,2.03
2001-12-01,3.34488888888889,4.0506,,4.25,1.74428288888889,2.0,4.86,3.71,6.59,1.83
2002-01-01,3.33877272727273,4.04677,,4.26,1.60372514285714,1.914,4.86,3.74,6.32,1.74
2002-02-01,3.3571,4.05268,,4.31,1.5666706,2.015,4.93,3.87,6.57,1.82
2002-03-01,3.3908,4.13055,,4.46,1.60416375,2.155,5.31,4.09,6.72,1.91
2002-04-01,3.40690476190476,4.17319,0.1,4.59,1.46064661904762,2.325,5.68,4.25,6.77,1.87
2002-05-01,3.46713636363636,4.1537,0.08,4.84,1.1634939,2.514,5.83,4.29,6.9,1.82
2002-06-01,3.464,4.17758,0.09,5.07,1.14959405,2.69,5.96,4.28,7.12,1.81
2002-07-01,3.41,4.06054,0.09,4.98,1.00306152173913,2.782,6.0,4.26,7.25,1.79
2002-08-01,3.35190909090909,3.98654,0.07,4.96,0.668342047619048,2.83,5.87,4.19,7.26,1.73
2002-09-01,3.31014285714286,3.98872,0.08,4.92,0.612999095238095,2.805,5.86,4.17,7.15,1.76
2002-10-01,3.26126086956522,3.96401,0.08,4.9,0.627853739130435,2.768,5.88,4.07,7.12,1.73
2002-11-01,3.12414285714286,3.97142,0.08,4.84,0.592497857142857,2.7,5.9,3.91,7.09,1.39
2002-12-01,2.94105,4.01777,0.1,4.83,0.54338995,2.6775,5.92,3.67,6.62,1.34
2003-01-01,2.83181818181818,3.98263,0.1,4.8,0.508735476190476,2.716,5.86,3.65,5.99,1.29
2003-02-01,2.68745,3.75425,0.09,4.75,0.48923735,2.8125,5.82,3.61,5.69,1.27
2003-03-01,2.52995238095238,3.65503,0.08,4.76,0.233193714285714,3.0375,5.81,3.4,5.49,1.23
2003-04-01,2.53335,3.64598,0.08,4.79,0.1737809,3.196,5.73,3.42,5.26,1.24
2003-05-01,2.40052380952381,3.63252,0.08,4.78,0.1585085,3.1775,5.38,3.18,4.92,1.22
2003-06-01,2.15185714285714,3.63966,0.09,4.67,0.15839465,3.0975,5.23,2.81,4.04,1.04
2003-07-01,2.13004347826087,3.49022,0.09,4.72,0.16359952173913,2.912,5.11,2.68,3.45,1.05
2003-08-01,2.14042857142857,3.52249,0.09,4.82,0.1508667,2.7775,5.11,2.71,3.14,1.08
2003-09-01,2.14731818181818,3.6967,0.09,4.91,0.138722590909091,2.6325,5.15,2.71,2.81,1.08
2003-10-01,2.1435652173913,3.80338,0.09,4.97,0.129131043478261,2.618,5.19,2.73,2.86,1.1
2003-11-01,2.15905,3.98043,0.08,5.31,0.14283225,2.7,5.37,2.72,2.89,1.11
2003-12-01,2.14633333333333,4.01864,0.1,5.47,0.136828571428571,2.624,5.32,2.7,2.64,1.1
2004-01-01,2.08947619047619,4.05531,0.09,5.55,0.1284939,2.3725,5.35,2.6,2.26,1.06
2004-02-01,2.07055,4.16654,0.09,5.57,0.14803445,2.195,5.59,2.46,2.01,1.05
2004-03-01,2.02882608695652,4.29673,0.08,5.51,0.158294043478261,2.038,5.54,2.36,1.84,1.05
2004-04-01,2.04875,4.39472,0.08,5.54,0.18674945,1.9625,5.59,2.02,1.97,1.08
2004-05-01,2.08585714285714,4.52872,0.08,5.51,0.182353368421053,1.97,5.9,1.99,1.99,1.2
2004-06-01,2.11268181818182,4.78974,0.09,5.49,0.328464045454545,2.008,6.07,1.98,2.03,1.46
2004-07-01,2.11604545454546,4.85702,0.09,5.46,0.422401363636364,2.035,6.25,1.99,2.02,1.57
2004-08-01,2.11427272727273,4.96284,0.09,5.44,0.471912181818182,2.0625,6.44,1.99,2.02,1.68
2004-09-01,2.11859090909091,4.9469,0.09,5.42,0.584377681818182,2.346,6.64,2.0,1.96,1.86
2004-10-01,2.14733333333333,4.90071,0.09,5.41,0.620791047619048,2.5325,6.75,1.99,2.0,2.04
2004-11-01,2.17031818181818,4.88359,0.09,5.43,0.648511,2.64,6.72,1.99,1.99,2.26
2004-12-01,2.17317391304348,4.87103,0.1,5.41,0.649346863636364,2.466,6.71,2.0,1.99,2.45
2005-01-01,2.14542857142857,4.87316,0.1,5.42,0.651069238095238,2.455,6.76,2.0,1.96,2.61
2005-02-01,2.13835,4.89069,0.1,5.63,0.6771861,2.445,6.83,1.97,1.92,2.77
2005-03-01,2.13719047619048,4.98736,0.08,5.81,0.666316238095238,2.498,6.99,1.97,2.02,2.97
2005-04-01,2.1372380952381,4.94336,0.08,5.75,0.67295219047619,2.47,7.05,1.99,2.05,3.09
2005-05-01,2.12563636363636,4.89375,0.08,5.68,0.67066215,2.46,7.05,1.9,2.08,3.22
2005-06-01,2.11104545454545,4.84144,0.09,5.66,0.672201227272727,2.448,7.03,1.65,2.15,3.38
2005-07-01,2.11942857142857,4.65794,0.09,5.65,0.666276380952381,2.555,7.03,1.48,2.22,3.57
2005-08-01,2.13247826086957,4.59465,0.09,5.62,0.675881090909091,2.68,7.03,1.48,2.25,3.77
2005-09-01,2.13913636363636,4.59686,0.09,5.62,0.674919636363636,2.795,7.09,1.47,2.35,3.87
2005-10-01,2.19661904761905,4.58701,0.09,5.63,0.722154380952381,2.98,7.28,1.49,2.45,4.13
2005-11-01,2.36086363636364,4.61847,0.09,5.63,0.865552090909091,3.206,7.54,1.51,2.54,4.31
2005-12-01,2.47285714285714,4.63732,0.1,5.63,0.9330752,3.35,7.66,1.69,2.55,4.45
2006-01-01,2.51168181818182,4.60368,0.1036,5.63,0.924489476190476,3.42,7.64,1.83,2.52,4.56
2006-02-01,2.60035,4.58199,0.11,5.61,0.9967605,3.63,7.53,1.93,2.57,4.72
2006-03-01,2.72260869565217,4.58741,0.1255,5.61,1.11319943478261,3.76,7.49,1.96,2.72,4.88
2006-04-01,2.79377777777778,4.6296,0.14,5.69,1.17550216666667,3.96,7.47,2.05,2.82,5.03
2006-05-01,2.889,4.7015,0.27,5.87,1.30199257142857,4.126,7.49,2.11,2.94,5.15
2006-06-01,2.98568181818182,4.73498,0.35,5.96,1.37270757142857,4.24,7.47,2.21,3.03,5.35
2006-07-01,3.10219047619048,4.73322,0.44,6.05,1.42769528571429,4.2,7.48,2.28,3.09,5.46
2006-08-01,3.22647826086957,4.94425,0.432,6.19,1.52308863636364,4.132,7.49,2.43,3.23,5.38
2006-09-01,3.33538095238095,5.02501,0.436,6.21,1.643369,4.15,7.56,2.54,3.37,5.34
2006-10-01,3.502,5.13176,0.447,6.28,1.74738009090909,4.1575,7.66,2.74,3.48,5.33
2006-11-01,3.59718181818182,5.22544,0.502,6.37,1.80596172727273,4.178,7.61,2.9,3.62,5.32
2006-12-01,3.68421052631579,5.29167,0.54,6.39,1.90840782352941,4.16,7.66,3.0,3.8,5.32
2007-01-01,3.75186363636364,5.48623,0.54,6.43,2.05046923809524,4.156,7.7,3.21,3.98,5.32
2007-02-01,3.8182,5.5657,0.66,6.37,2.11132155,4.18,7.75,3.29,4.2,5.31
2007-03-01,3.89090909090909,5.54946,0.66,6.43,2.15987477272727,4.1675,7.88,3.26,4.43,5.3
2007-04-01,3.97526315789474,5.64899,0.65,6.48,2.22386673684211,4.1625,7.98,3.34,4.54,5.31
2007-05-01,4.07136363636364,5.76742,0.67,6.37,2.31683825,4.19,8.09,3.4,4.6,5.31
2007-06-01,4.14776190476191,5.88018,0.73,6.42,2.44371828571429,4.36,8.32,3.45,4.75,5.33
2007-07-01,4.21618181818182,6.02396,0.77,6.47,2.61172740909091,4.4975,8.44,3.53,4.89,5.32
2007-08-01,4.54360869565217,6.41946,0.84,6.75,2.60672072727273,4.262,8.72,3.58,5.18,5.49
2007-09-01,4.7417,6.64694,0.85,6.94,2.49345425,3.9975,8.81,3.62,5.51,5.46
2007-10-01,4.68739130434783,6.27014,0.85,6.91,2.45670126086957,3.936,8.68,3.81,5.67,5.08
2007-11-01,4.63854545454545,6.40858,0.87,7.15,2.29504331818182,3.9625,8.73,4.02,5.78,4.97
2007-12-01,4.84836842105263,6.35943,0.86,7.29,2.34431588235294,3.8325,8.9,4.12,5.96,5.02
2008-01-01,4.48154545454545,5.65965,0.85,7.18,2.28750271428571,3.582,8.75,4.11,5.79,3.84
2008-02-01,4.36209523809524,5.64202,0.85,7.69,2.41745680952381,3.265,8.82,4.21,5.91,3.06
2008-03-01,4.59636842105263,5.89929,0.84,7.9,2.28812894736842,2.185,8.91,4.24,6.18,2.79
2008-04-01,4.7835,5.91881,0.84,7.84,2.18122622727273,2.404,8.87,4.14,6.3,2.85
2008-05-01,4.85738095238095,5.82639,0.84,7.75,2.0428156,2.65,8.71,4.11,6.48,2.66
2008-06-01,4.94052380952381,5.92944,0.86,7.81,2.1437270952381,2.6125,8.68,4.17,6.41,2.76
2008-07-01,4.961,5.8322,0.85,7.75,2.20689582608696,2.368,8.46,4.34,6.46,2.79
2008-08-01,4.96519047619048,5.76619,0.85,7.31,2.1833859,2.47,8.2,4.4,6.53,2.79
2008-09-01,5.01918181818182,5.9106,0.87,7.27,2.124653,2.1175,7.95,4.49,6.82,3.59
2008-10-01,5.11308695652174,6.13304,0.89,6.03,1.41079118181818,1.556,7.43,3.63,6.92,4.32
2008-11-01,4.2383,4.44684,0.88,4.76,0.700317846153846,1.7825,6.25,3.2,6.18,2.36
2008-12-01,3.29261904761905,3.17247,0.74,4.39,0.1075305,1.05,5.23,1.82,4.64,1.77
2009-01-01,2.45652380952381,2.34276,0.72,3.74,0.0938757,0.8025,4.38,1.35,3.7,1.02
2009-02-01,1.94305,2.09038,0.71,3.16,0.110002944444444,0.7275,3.4,0.85,3.48,1.16
2009-03-01,1.63545454545455,1.83139,0.65,3.16,0.113013047619048,0.4075,3.24,0.4,3.17,1.07
2009-04-01,1.4223,1.53413,0.6,3.1,0.0902461818181818,0.324,3.12,0.3,2.87,0.89
2009-05-01,1.2817,1.35795,0.57,3.13,0.0912780588235294,0.18,2.82,0.47,2.4,0.57
2009-06-01,1.22790909090909,1.24117,0.56,3.25,0.0871305263157895,0.225,2.78,0.39,2.1,0.39
2009-07-01,0.974956521739131,1.00113,0.55,3.14,0.0717845652173913,0.234,2.79,0.18,1.87,0.35
2009-08-01,0.860476190476191,0.77369,0.54,3.3,0.0738368095238095,0.23,2.76,0.16,1.88,0.3
2009-09-01,0.772090909090909,0.6056,0.54,3.37,0.073400380952381,0.22,2.77,0.15,1.93,0.25
2009-10-01,0.7375,0.57087,0.53,3.78,0.0850033333333333,0.215,2.79,0.18,2.03,0.24
2009-11-01,0.716190476190476,0.60936,0.51,3.95,0.118535785714286,0.215,2.8,0.18,2.05,0.21
2009-12-01,0.712045454545454,0.60541,0.46,4.129047619,0.115619909090909,0.198,2.78,0.17,2.08,0.22
2010-01-01,0.67975,0.61265,0.45,4.2025,0.0903594,0.1725,2.78,0.2,2.25,0.2
2010-02-01,0.6617,0.6331,0.44,4.16,0.09874325,0.165,2.73,0.22,2.27,0.19
2010-03-01,0.64495652173913,0.64549,0.43,4.3275,0.0957777272727273,0.228,2.67,0.23,2.3,0.23
2010-04-01,0.6447,0.65592,0.4,4.545,0.0879435,0.3375,2.69,0.29,2.39,0.3
2010-05-01,0.68652380952381,0.69713,0.39,4.805,0.08190975,0.39,2.89,0.28,2.5,0.45
2010-06-01,0.727590909090909,0.72839,0.38,4.8875,0.11774075,0.522,3.07,0.27,2.67,0.52
2010-07-01,0.848818181818182,0.73603,0.37,4.84,0.18285119047619,0.575,3.23,0.39,2.69,0.41
2010-08-01,0.8955,0.73296,0.36,4.7425,0.20656935,0.66,3.25,0.45,2.65,0.32
2010-09-01,0.8805,0.72859,0.36,4.815,0.213812095238095,0.85,3.18,0.52,2.64,0.28
2010-10-01,0.997666666666667,0.7384,0.34,4.81,0.24791775,0.895,3.18,0.81,2.56,0.27
2010-11-01,1.04204545454545,0.73901,0.34,5.015,0.18600105,0.9525,3.17,1.11,2.51,0.27
2010-12-01,1.02169565217391,0.74962,0.34,5.025,0.191368111111111,0.994,3.17,1.28,2.59,0.3
2011-01-01,1.0172380952381,0.76866,0.34,4.955,0.15081019047619,0.9625,3.19,1.49,2.59,0.29
2011-02-01,1.08675,0.79962,0.34,4.9175,0.13954275,0.9525,3.13,1.74,2.61,0.28
2011-03-01,1.17552173913043,0.80913,0.33615,4.92,0.155124173913043,0.926,2.69,1.74,2.62,0.28
2011-04-01,1.32121052631579,0.82096,0.33286,4.9,0.139454111111111,0.965,2.65,1.8,2.69,0.23
2011-05-01,1.42509090909091,0.82344,0.33214,5.0025,0.119449863636364,0.9625,2.66,1.91,2.72,0.21
2011-06-01,1.48859090909091,0.82512,0.33214,4.9925,0.10205965,0.928,2.65,1.85,2.85,0.22
2011-07-01,1.59761904761905,0.8289,0.33214,4.955,0.0909554761904762,0.9225,2.71,1.8,2.94,0.24
2011-08-01,1.55208695652174,0.85782,0.32857,4.8575,-0.0675968,0.874,2.9,1.71,3.1,0.29
2011-09-01,1.53645454545455,0.9181,0.32929,4.81,-0.0610702727272727,0.8725,2.88,1.58,3.08,0.33
2011-10-01,1.57585714285714,0.96991,0.32929,4.725,-0.0933598947368421,0.8625,2.76,1.45,3.08,0.37
2011-11-01,1.48468181818182,1.01182,0.32929,4.6225,-0.0653187,0.882,2.69,1.45,3.16,0.41
2011-12-01,1.42609523809524,1.06148,0.32929,4.5075,0.08,0.83,2.69,1.37,3.02,0.49
2012-01-01,1.22222727272727,1.08709,0.33077,4.41,0.0402932857142857,0.825,2.74,1.56,2.7,0.4
2012-02-01,1.04828571428571,1.07249,0.33167,4.37,0.0178765,0.918,2.75,1.59,2.67,0.3
2012-03-01,0.858454545454546,1.03757,0.33167,4.4425,0.05129925,0.915,2.74,1.49,2.43,0.29
2012-04-01,0.744315789473684,1.01792,0.33167,4.2025,0.0136988333333333,0.9825,2.74,1.44,2.32,0.29
2012-05-01,0.684909090909091,1.005,0.33167,3.655,-0.0154980555555556,0.988,2.59,1.38,2.32,0.29
2012-06-01,0.658857142857143,0.94978,0.33455,3.4925,-0.0573110588235294,0.8825,2.61,1.24,2.34,0.32
2012-07-01,0.497045454545455,0.81735,0.32727,3.545,-0.173395066666667,0.8875,2.67,1.1,2.24,0.3
2012-08-01,0.332391304347826,0.70481,0.32727,3.6175,-0.207230666666667,1.002,2.64,1.15,2.13,0.26
2012-09-01,0.2463,0.64803,0.32727,3.49,-0.150658058823529,1.0075,2.64,1.04,1.96,0.24
2012-10-01,0.207913043478261,0.54397,0.32636,3.1625,-0.06339775,0.976,2.65,0.98,1.92,0.23
2012-11-01,0.192,0.52452,0.31818,3.2425,-0.144987368421053,0.97,2.64,1.06,1.92,0.23
2012-12-01,0.185473684210526,0.51848,0.30818,3.1125,-0.051343,0.945,2.65,1.01,1.87,0.24
2013-01-01,0.204909090909091,0.51228,0.29182,3.0,-0.1080856,0.92,2.66,0.96,1.86,0.23
2013-02-01,0.22335,0.50988,0.26909,2.94,-0.0634238666666667,0.9475,2.66,0.98,1.9005,0.22
2013-03-01,0.20605,0.50688,0.25,3.05,-0.0596407368421053,0.9625,2.64,0.97,1.848947368,0.21
2013-04-01,0.208904761904762,0.50557,0.22818,3.02,-0.0647253333333333,0.9825,2.65,0.95,1.821428571,0.2
2013-05-01,0.201227272727273,0.50563,0.22818,2.82,-0.05881175,0.998,2.64,0.92,1.763684211,0.2
2013-06-01,0.21025,0.50794,0.22818,2.8,-0.0602111052631579,1.025,2.64,0.92,1.7335,0.19
2013-07-01,0.221434782608696,0.50944,0.228,2.76,-0.0558058260869565,1.012,2.64,0.93,1.68826087,0.14
2013-08-01,0.225863636363636,0.51262,0.228,2.6,-0.06065045,0.9925,2.64,0.93,1.723181818,0.12
2013-09-01,0.223238095238095,0.51688,0.228,2.58,-0.0511073157894737,0.9875,2.65,0.89,1.713809524,0.11
2013-10-01,0.225826086956522,0.51663,0.221,2.58,0.0159292,0.924,2.67,0.92,1.685217391,0.12
2013-11-01,0.223380952380952,0.52344,0.22,2.58,-0.0169540555555556,0.925,2.66,0.92,1.663333333,0.12
2013-12-01,0.2735,0.52474,0.22,2.6,0.0174349166666667,0.9175,2.73,0.82,1.658947368,0.14
2014-01-01,0.292045454545455,0.52093,0.22,2.62,-0.0433244,0.894,2.88,0.73,1.649090909,0.12
2014-02-01,0.2881,0.52153,0.212,2.63,-0.04796675,0.87,2.93,0.73,1.699,0.13
2014-03-01,0.305333333333333,0.52157,0.212,2.65,-0.0400058571428571,0.8425,3.05,0.73,1.707619048,0.12
2014-04-01,0.32975,0.52665,0.212,2.68,-0.0292094,0.926,3.24,0.7,1.752105263,0.12
2014-05-01,0.324571428571429,0.52744,0.21,2.69,-0.03160255,0.925,3.38,0.66,1.819,0.11
2014-06-01,0.241428571428571,0.54394,0.21,2.7,-0.012441,0.935,3.52,0.58,1.804,0.11
2014-07-01,0.20504347826087,0.55641,0.21,2.65,0.0333333333333333,0.948,3.67,0.26,1.715217391,0.13
2014-08-01,0.191571428571429,0.56119,0.21,2.63,0.038,0.95,3.69,0.22,1.722380952,0.13
2014-09-01,0.0970909090909091,0.56291,0.21,2.66,0.025,0.9275,3.71,0.19,1.700909091,0.12
2014-10-01,0.0826086956521739,0.55836,0.192,2.72,0.04,0.894,3.68,0.14,1.625652174,0.12
2014-11-01,0.0809,0.55628,0.182,2.75,0.0414285714285714,0.9025,3.67,0.05,1.659,0.13
2014-12-01,0.0809047619047619,0.55818,0.179,2.75,0.040234375,0.902,3.67,0.06,1.5345,0.15
2015-01-01,0.0626666666666667,0.5626,0.173,2.7,-0.416666666666667,0.765,3.67,0.11,1.388095238,0.16
2015-02-01,0.0482,0.56363,0.171,2.36,-0.675,0.5325,3.63,-0.02,1.38,0.15
2015-03-01,0.0271818181818182,0.56436,0.17,2.3,-0.788842625,0.5525,3.63,-0.11,1.38,0.14
2015-04-01,0.0047,0.5695,0.17,2.25,-0.685416666666667,0.618,3.63,-0.26,1.47,0.13
2015-05-01,-0.0103684210526316,0.56798,0.169,2.15,-0.81541675,0.6575,3.53,-0.27,1.49,0.15
2015-06-01,-0.0139090909090909,0.57188,0.169,2.15,-0.767575833333333,0.61,3.33,-0.32,1.35,0.18
2015-07-01,-0.0187391304347826,0.58084,0.169,2.14,-0.7443055,0.47,3.13,-0.48,1.27,0.19
2015-08-01,-0.0276666666666667,0.5867,0.169,2.14,-0.78125,0.385,2.95,-0.46,1.2,0.26
2015-09-01,-0.0370454545454546,0.58576,0.169,2.17,-0.756176166666667,0.4,2.85,-0.48,1.16,0.27
2015-10-01,-0.0535909090909091,0.58006,0.169,2.15,-0.845,0.4025,2.86,-0.44,1.11,0.25
2015-11-01,-0.0876190476190476,0.57371,0.169,2.22,-0.680833,0.4525,2.89,-0.36,1.15,0.3
2015-12-01,-0.126318181818182,0.58277,0.169,2.34,-0.740213833333333,0.484,2.79,-0.38,1.14,0.54
2016-01-01,-0.14615,0.58976,0.169,2.3,-0.745873,0.435,2.73,-0.46,1.16,0.57
2016-02-01,-0.183571428571429,0.59073,0.098,2.28,-0.8886364,0.4575,2.62,-0.5,1.09,0.54
2016-03-01,-0.22852380952381,0.58825,0.098,2.31,-0.774167,0.46,2.43,-0.59,1.02,0.55
2016-04-01,-0.249190476190476,0.5889,0.06,2.26,-0.746875,0.5125,2.34,-0.59,0.98,0.55
2016-05-01,-0.257181818181818,0.58929,0.06,2.0,-0.765375,0.5075,2.38,-0.6,0.98,0.57
2016-06-01,-0.267909090909091,0.57468,0.059,1.99,-0.718645,0.51,2.37,-0.63,1.02,0.55
2016-07-01,-0.294523809523809,0.5136,0.058,1.93,-0.77,0.5,2.37,-0.67,1.01,0.62
2016-08-01,-0.298217391304348,0.40613,0.058,1.76,-0.75,0.506,2.24,-0.74,1.08,0.73
2016-09-01,-0.301636363636364,0.37907,0.056,1.73,-0.75,0.505,2.23,-0.75,1.09,0.75
2016-10-01,-0.309,0.3975,0.056,1.74,-0.75,0.4875,2.15,-0.75,1.11,0.72
2016-11-01,-0.312681818181818,0.39773,0.056,1.76,-0.76,0.48,2.07,-0.79,1.1,0.71
2016-12-01,-0.315761904761905,0.37226,0.056,1.78,-0.8,0.4775,2.03,-0.79,1.16,0.87
2017-01-01,-0.325545454545455,0.3621,0.056,1.78,-0.93,0.45,1.98,-0.77,1.08,0.9
2017-02-01,-0.3286,0.35674,0.056,1.78,-0.803778166666667,0.465,2.02,-0.69,1.02,0.87
2017-03-01,-0.329347826086957,0.34567,0.056,1.79,-0.815,0.498,1.98,-0.63,0.96,0.98
2017-04-01,-0.330388888888889,0.33513,0.056,1.77,-0.7901191,0.535,1.97,-0.63,0.98,1.03
2017-05-01,-0.329454545454545,0.31081,0.056,1.73,-0.89770825,0.512,1.98,-0.62,0.9,1.05
2017-06-01,-0.33,0.29442,0.056,1.72,-0.775,0.565,1.95,-0.67,0.87,1.16
2017-07-01,-0.330428571428571,0.2931,0.075,1.7,-0.805833333333333,0.73,1.96,-0.75,0.84,1.22
2017-08-01,-0.329086956521739,0.28119,0.056,1.7,-0.815,0.722,1.95,-0.73,0.8,1.25
2017-09-01,-0.329380952380952,0.30911,0.056,1.72,-0.84525,0.98,1.95,-0.71,0.8,1.25
2017-10-01,-0.329545454545455,0.38187,0.063,1.7,-0.925185222222222,0.96,1.94,-0.68,0.82,1.26
2017-11-01,-0.329,0.51857,0.063,1.72,-0.906642166666667,0.88,1.93,-0.71,0.78,1.32
2017-12-01,-0.327894736842105,0.51871,0.063,1.77,-0.864305555555556,0.96,1.88,-0.75,0.83,1.54
2018-01-01,-0.328454545454546,0.5225,0.068,1.79,-0.87154745,1.164,1.88,-0.69,0.84,1.63
2018-02-01,-0.3285,0.54683,0.068,1.77,-0.8715625,1.1625,1.91,-0.66,0.93,1.78
2018-03-01,-0.327904761904762,0.62842,0.097,1.93,-0.79524075,1.095,1.93,-0.66,1.07,2.08
2018-04-01,-0.32845,0.75629,0.097,2.06,-0.80023515,1.165,2.01,-0.66,1.14,2.2
2018-05-01,-0.325227272727273,0.64355,0.078,1.96,-0.7861775,1.246,2.01,-0.7,1.07,2.16
2018-06-01,-0.322047619047619,0.63868,0.078,2.07,-0.790477142857143,1.2375,2.01,-0.69,1.01,2.19
2018-07-01,-0.320727272727273,0.74619,0.091,2.02,-0.780435909090909,1.375,1.94,-0.67,1.04,2.17
2018-08-01,-0.319,0.80519,0.091,1.96,-0.777280909090909,1.488,1.9,-0.68,1.04,2.19
2018-09-01,-0.31885,0.80093,0.05,1.93,-0.780283888888889,1.5175,1.9,-0.73,1.09,2.24
2018-10-01,-0.317695652173913,0.80618,0.05,1.93,-0.831076428571429,1.66,1.89,-0.7,1.09,2.37
2018-11-01,-0.316363636363636,0.87483,0.05,1.94,-0.815,1.7125,1.98,-0.73,1.2,2.56
2018-12-01,-0.311894736842105,0.90444,0.05,2.02,-0.776,1.66,1.98,-0.66,1.28,2.69
2019-01-01,-0.308,0.91822,0.03,2.07,-0.813503555555556,1.634,1.91,-0.44,1.26,2.59
2019-02-01,-0.30845,0.87598,0.03,1.96,-0.768617571428571,1.665,1.9,-0.4,1.27,2.49
2019-03-01,-0.309190476190476,0.84,0.05,1.83,-0.756575222222222,1.66,1.88,-0.4,1.34,2.48
2019-04-01,-0.31045,0.82,0.05,1.68,-0.7475,1.675,1.81,-0.3995,1.4,2.47
2019-05-01,-0.311863636363636,0.8,0.049,1.54,-0.7752625,1.678,1.72,-0.3995,1.46,2.44
2019-06-01,-0.3289,0.78,0.049,1.29,-0.780555,1.665,1.6,-0.3994,1.51,2.3
2019-07-01,-0.364869565217391,0.77,0.049,1.11,-0.84,1.654,1.55,-0.4,1.57,2.22
2019-08-01,-0.407681818181818,0.76,0.009,0.98,-0.8075,1.635,1.25,-0.4278,1.61,2.06
2019-09-01,-0.417571428571429,0.77,0.009,0.98,-0.79125,1.6275,1.15,-0.4094,1.7,2.03
2019-10-01,-0.412869565217391,0.78,0.009,0.88,-0.756590909090909,1.654,1.05,-0.4333,1.81,1.88
2019-11-01,-0.401285714285714,0.79,0.018,0.91,-0.705643333333333,1.6625,1.18,-0.4717,1.85,1.77
2019-12-01,-0.3947,0.79,0.021,0.9,-0.736666666666667,1.6575,1.22,-0.455,1.85,1.76
2020-01-01,-0.391136363636364,0.74,0.021,0.89,-0.74875,1.646,1.27,-0.1749,1.83,1.65
2020-02-01,-0.40885,0.75,0.021,0.89,-0.7164475,1.6325,1.18,-0.1499,1.75,1.59
2020-03-01,-0.416636363636364,0.53,0.006,0.53,-0.675,0.6725,0.71,-0.15291,1.39,1.35
2020-04-01,-0.25405,0.65,-0.039,0.17,-0.624583333333333,0.246,0.39,-0.1704,0.76,
2020-05-01,-0.27195,0.33,-0.042,0.1,-0.663348888888889,0.235,0.26,-0.13926,0.3,0.17
2020-06-01,-0.376,0.19,-0.042,0.1,-0.6658145,0.1925,0.28,-0.084714,0.34,0.2
2020-07-01,-0.444130434782609,0.1,-0.065,0.1,-0.69071347826087,0.18,0.3,-0.084522,0.32,0.18
2020-08-01,-0.479714285714286,0.07,-0.065,0.1,-0.706807142857143,0.1575,0.29,-0.11924,0.25,0.15
2020-09-01,-0.491363636363636,0.06,-0.055,0.09,-0.708714090909091,0.142,0.3,-0.13068,0.27,0.13
2020-10-01,-0.509136363636364,0.05,-0.055,0.07,-0.698181818181818,0.1,0.27,-0.1285,0.33,0.12
2020-11-01,-0.520857142857143,0.04,-0.055,0.02,-0.73,0.1075,0.27,-0.12448,0.36,0.16
2020-12-01,-0.538090909090909,0.03,-0.055,0.02,-0.742727272727273,0.106,0.26,-0.18255,0.49,0.17
2021-01-01,-0.54715,0.03,-0.055,0.01,-0.729838,0.0575,0.28,-0.15042,0.48,0.14
2021-02-01,-0.5411,0.05,-0.055,0.01,-0.732424,0.0825,0.28,-0.1313,0.45,0.11
2021-03-01,-0.539086956521739,0.08,-0.065,0.03,-0.73,0.106,0.33,-0.15965,0.38,0.1
2021-04-01,-0.53815,0.09,-0.065,0.04,-0.7285415,0.0925,0.34,-0.14671,0.3,0.11
2021-05-01,-0.540095238095238,0.08,-0.065,0.04,-0.735221052631579,0.0975,0.35,-0.1519,0.24,0.1
2021-06-01,-0.542909090909091,0.08,-0.072,0.03,-0.737727272727273,0.128,0.33,-0.15881,0.2,0.09
2021-07-01,-0.544818181818182,0.08,-0.072,0.02,-0.736136363636364,0.1675,0.4,-0.15514,0.32,0.1
2021-08-01,-0.547590909090909,0.07,-0.072,0.01,-0.738181818181818,0.1775,0.54,-0.16214,0.42,0.1
2021-09-01,-0.545045454545454,0.07,-0.072,0.01,-0.82,0.132,0.57,-0.17082,0.67,0.1
2021-10-01,-0.549809523809524,0.16,-0.072,0.04,-0.726692380952381,0.12,0.7,-0.21338,0.74,0.11
2021-11-01,-0.567363636363636,0.13,-0.072,0.04,-0.693960909090909,0.1175,0.83,-0.34709,0.83,0.14
2021-12-01,-0.58195652173913,0.16,-0.049,0.06,-0.71745652173913,0.078,0.91,-0.38467,1.02,0.17
2022-01-01,-0.560142857142857,0.53,-0.049,0.07,-0.714190952380952,0.305,1.03,-0.16025,1.1,0.22
2022-02-01,-0.53150000005,0.81,-0.049,0.07,-0.684792,0.325,1.21,-0.1435,1.17,0.38
2022-03-01,-0.495434782608696,0.99,-0.049,0.17,-0.682174347826087,0.566,1.49,-0.22491,1.32,0.73
2022-04-01,-0.447894736842105,1.13,-0.049,0.41,-0.6725,1.0475,1.81,-0.098526,1.27,0.91
2022-05-01,-0.385727272727273,1.31,-0.049,1.0,-0.685,1.3675,2.22,0.31314,1.24,1.33
2022-06-01,-0.239227272727273,1.57,0.005,1.6,-0.508571428571429,1.834,2.68,0.5147,1.68,1.87
2022-07-01,0.0366190476190476,1.84,-0.031,2.07,-0.11,2.445,3.03,0.7801,2.24,2.5
2022-08-01,0.394739130434783,2.23,-0.02,2.31,-0.0245454545454545,2.908,3.31,1.13165,2.6,2.76
2022-09-01,1.01086363636364,2.91,-0.016,2.76,0.1475,3.42,3.64,1.50959,2.94,3.21
2022-10-01,1.42766666666667,3.39,-0.016,2.95,0.52875,3.76,4.0,1.60286,3.33,3.85
2022-11-01,1.82522727272727,3.52,-0.016,3.06,0.54,3.988,4.24,1.67914,3.51,4.46
2022-12-01,2.06347619047619,3.78,-0.015,3.17,0.736349047619048,4.1675,4.53,2.02062,3.26,4.51
2023-01-01,2.34486363636364,4.01,-0.006,3.32,0.986904761904762,4.325,4.81,2.65695,3.27,4.61
2023-02-01,2.64035,4.21,0.001,3.46,1.0,4.45,5.01,3.0353,3.25,4.74
2023-03-01,2.91056521739131,4.33,-0.008,3.64,1.36382260869565,4.388,5.15,3.24887,3.69,4.91
2023-04-01,3.167,4.52,-0.001,3.66,1.45,4.3675,5.49,3.41356,3.74,5.03
2023-05-01,3.3664347826087,4.73,-0.019,3.9,1.45,4.478,5.67,3.50124,3.94,5.15
2023-06-01,3.53586363636364,5.09,-0.003,4.25,1.59045454545455,4.8325,5.68,3.5381,4.37,5.22
2023-07-01,3.67180952380952,5.49,-0.003,4.3,1.72,4.935,5.67,3.70871,4.68,5.35
2023-08-01,3.78030434782609,5.53,-0.003,4.15,1.76727272727273,5.054,5.64,3.79361,4.72,5.44
2023-09-01,3.88004761904762,5.52,0.024,4.13,1.77,5.0375,5.68,3.82667,4.72,5.49
2023-10-01,3.96763636363636,5.4,-0.012,4.21,1.77,5.08,5.68,3.95627,4.72,5.46
2023-11-01,3.97163636363636,5.36,0.024,4.38,1.73181818181818,4.996,5.63,4.10186,4.69,5.41
2023-12-01,3.93309523809524,5.22,0.052,4.35,1.6525,4.9475,5.63,4.02842,4.73,5.32
2024-01-01,3.92527272727273,5.2,0.025,4.35,1.6852380952381,4.948,5.64,3.97095,4.71,5.26
2024-02-01,3.92319047619048,5.21,0.027,4.34,1.7,4.935,5.71,4.04338,4.71,5.22
2024-03-01,3.92238095238095,5.2,0.109,4.35,1.5,4.905,5.64,4.0525,4.73,5.29
2024-04-01,3.88636363636364,5.18,0.109,4.37,1.5,4.925,5.63,3.95071,4.72,5.33
2024-05-01,3.81365217391304,5.16,0.129,4.36,1.5,4.868,5.62,3.78762,4.71,5.33
2024-06-01,3.7245,5.16,0.149,4.39,1.427,4.6475,5.62,3.68339,4.73,5.28
2024-07-01,3.68482608695652,5.09,0.166,4.46,1.19347826086957,4.508,5.55,3.5847,4.76,5.31
2024-08-01,3.54759090909091,4.91,0.255,4.38,1.06647238095238,4.2325,5.3,3.36582,4.74,5.12
2024-09-01,3.43371428571428,4.84,0.256,4.42,1.02214285714286,4.0425,5.05,3.13867,4.73,4.86
2024-10-01,3.16660869565217,4.75,0.256,4.41,0.894492608695652,3.71,4.65,2.91691,4.7,4.62
2024-11-01,3.0067619047619,4.68,0.362,4.42,0.806508095238095,3.48,4.42,2.66529,4.7,4.53
2024-12-01,2.81609090909091,4.64,0.386,4.44,0.60075,3.195,4.27,2.45478,4.68,4.46
2025-01-01,2.7031304348,4.55,0.76727,4.33,0.408095238095238,3.058,4.05,2.33105,4.61,4.33
2025-02-01,2.52495,4.44,0.79182,4.17,0.37125,2.8425,3.81,2.2802,4.51,4.34
2025-03-01,2.4424285714,4.39,0.82091,4.12,0.312911904761905,2.66,3.67,2.29952,4.57,4.29
2025-04-01,2.2481818182,4.26,0.78364,4.02,0.15585,2.622,3.49,2.268,4.59,4.32
2025-05-01,2.0912727273,4.19,0.77545,3.78,0.092,2.6225,3.34,2.30257,4.64,4.29
2025-06-01,1.9836190476,4.15,0.77273,3.69,0.039603,2.66,3.3,2.18842,4.34,4.31
2025-07-01,1.9863478261,4.05,0.77273,3.68,-0.0406521739130435,2.662,3.25,2.07874,4.33,4.28
2025-08-01,2.0210952381,3.98,0.77273,3.61,-0.0615,2.655,3.1,2.043,4.26,4.22
2025-09-01,2.0272727273,3.97,0.81818,3.58,-0.0596968181818182,2.4925,2.93,1.98341,4.13,4.1
2025-10-01,2.0344347826,3.93,0.80909,3.56,-0.0643113043478261,2.334,2.58,1.85274,4.25,3.98
2025-11-01,2.04165,3.84,0.80636,3.65,-0.0475,2.185,2.47,1.8687,4.22,3.86
2025-12-01,2.0457826087,3.75,1.07273,3.71,-0.0482128571428571,2.164,2.49,1.92889,4.07,3.74
2026-01-01,2.0277272727,3.71,1.11636,3.77,-0.0388865,2.19,2.5,1.9577,4.11,3.63
2026-02-01,,,1.22909,3.96,-0.0435,2.1775,2.49,1.9074,4.17,3.66
2026-03-01,,,1.26882,4.19,-0.0411959090909091,2.23,2.51,1.93618,4.34,3.69
2026-04-01,,,1.24182,4.34,-0.0398335,2.272,2.56,1.93585,4.48,3.77
2026-05-01,,,1.27409,4.43,-0.0394444444444444,2.2925,2.63,1.95663,4.56,3.72
2026-06-01,,,,4.46,-0.045,2.2725,2.68,1.95376,4.57,3.77
