,EUR,GBP,JPY,AUD,CHF,CAD,NZD,SEK,NOK
2002-04-01,1.53690476190476,2.30319,-1.77,2.7199999999999998,-0.40935338095238016,0.45500000000000007,3.8099999999999996,2.38,4.8999999999999995
2002-05-01,1.64713636363636,2.3336999999999994,-1.74,3.0199999999999996,-0.6565061000000001,0.6939999999999997,4.01,2.4699999999999998,5.08
2002-06-01,1.654,2.36758,-1.72,3.2600000000000002,-0.6604059500000001,0.8799999999999999,4.15,2.47,5.3100000000000005
2002-07-01,1.62,2.2705399999999996,-1.7,3.1900000000000004,-0.7869384782608699,0.992,4.21,2.4699999999999998,5.46
2002-08-01,1.62190909090909,2.25654,-1.66,3.23,-1.061657952380952,1.1,4.140000000000001,2.4600000000000004,5.529999999999999
2002-09-01,1.5501428571428602,2.22872,-1.68,3.16,-1.147000904761905,1.0450000000000002,4.1000000000000005,2.41,5.390000000000001
2002-10-01,1.53126086956522,2.23401,-1.65,3.1700000000000004,-1.102146260869565,1.0379999999999998,4.15,2.3400000000000003,5.390000000000001
2002-11-01,1.7341428571428603,2.5814200000000005,-1.3099999999999998,3.45,-0.7975021428571429,1.3100000000000003,4.510000000000001,2.5200000000000005,5.7
2002-12-01,1.60105,2.6777699999999998,-1.24,3.49,-0.7966100500000001,1.3375000000000001,4.58,2.33,5.28
2003-01-01,1.5418181818181798,2.69263,-1.19,3.51,-0.781264523809524,1.4260000000000002,4.57,2.36,4.7
2003-02-01,1.41745,2.48425,-1.18,3.48,-0.78076265,1.5425,4.550000000000001,2.34,4.42
2003-03-01,1.29995238095238,2.42503,-1.15,3.53,-0.996806285714286,1.8075,4.58,2.17,4.26
2003-04-01,1.29335,2.4059800000000005,-1.16,3.55,-1.0662191,1.9560000000000002,4.49,2.1799999999999997,4.02
2003-05-01,1.18052380952381,2.4125199999999998,-1.14,3.5600000000000005,-1.0614915,1.9575000000000002,4.16,1.9600000000000002,3.7
2003-06-01,1.11185714285714,2.59966,-0.9500000000000001,3.63,-0.8816053500000001,2.0575,4.19,1.77,3.0
2003-07-01,1.08004347826087,2.44022,-0.9600000000000001,3.67,-0.8864004782608701,1.8619999999999999,4.0600000000000005,1.6300000000000001,2.4000000000000004
2003-08-01,1.0604285714285697,2.44249,-0.9900000000000001,3.74,-0.9291333,1.6974999999999998,4.03,1.63,2.06
2003-09-01,1.0673181818181798,2.6167,-0.9900000000000001,3.83,-0.9412774090909091,1.5524999999999998,4.07,1.63,1.73
2003-10-01,1.0435652173912997,2.70338,-1.01,3.8699999999999997,-0.9708689565217391,1.5179999999999998,4.09,1.63,1.7599999999999998
2003-11-01,1.04905,2.87043,-1.03,4.199999999999999,-0.9671677500000001,1.59,4.26,1.61,1.78
2003-12-01,1.04633333333333,2.9186400000000003,-1.0,4.369999999999999,-0.9631714285714291,1.524,4.220000000000001,1.6,1.54
2004-01-01,1.0294761904761898,2.9953100000000004,-0.9700000000000001,4.49,-0.9315061,1.3125,4.289999999999999,1.54,1.1999999999999997
2004-02-01,1.0205499999999998,3.1165400000000005,-0.9600000000000001,4.5200000000000005,-0.90196555,1.1449999999999998,4.54,1.41,0.9599999999999997
2004-03-01,0.9788260869565197,3.2467300000000003,-0.9700000000000001,4.46,-0.891705956521739,0.9879999999999998,4.49,1.3099999999999998,0.79
2004-04-01,0.96875,3.3147200000000003,-1.0,4.46,-0.8932505500000001,0.8824999999999998,4.51,0.94,0.8899999999999999
2004-05-01,0.8858571428571402,3.3287199999999997,-1.1199999999999999,4.31,-1.017646631578947,0.77,4.7,0.79,0.79
2004-06-01,0.6526818181818199,3.32974,-1.3699999999999999,4.03,-1.131535954545455,0.548,4.61,0.52,0.5699999999999998
2004-07-01,0.54604545454546,3.28702,-1.48,3.8899999999999997,-1.1475986363636361,0.4650000000000001,4.68,0.41999999999999993,0.44999999999999996
2004-08-01,0.43427272727273025,3.28284,-1.5899999999999999,3.7600000000000007,-1.208087818181818,0.38250000000000006,4.760000000000001,0.31000000000000005,0.3400000000000001
2004-09-01,0.25859090909090976,3.0869,-1.77,3.5599999999999996,-1.275622318181818,0.486,4.779999999999999,0.1399999999999999,0.09999999999999987
2004-10-01,0.10733333333332995,2.86071,-1.95,3.37,-1.4192089523809521,0.49250000000000016,4.71,-0.050000000000000044,-0.040000000000000036
2004-11-01,-0.08968181818181975,2.62359,-2.17,3.17,-1.6114889999999997,0.38000000000000034,4.46,-0.2699999999999998,-0.2699999999999998
2004-12-01,-0.27682608695652,2.42103,-2.35,2.96,-1.8006531363636362,0.016000000000000014,4.26,-0.4500000000000002,-0.4600000000000002
2005-01-01,-0.46457142857142975,2.2631600000000005,-2.51,2.81,-1.958930761904762,-0.1549999999999998,4.15,-0.6099999999999999,-0.6499999999999999
2005-02-01,-0.63165,2.12069,-2.67,2.86,-2.0928139,-0.3250000000000002,4.0600000000000005,-0.8,-0.8500000000000001
2005-03-01,-0.8328095238095203,2.0173599999999996,-2.89,2.8399999999999994,-2.3036837619047623,-0.472,4.02,-1.0000000000000002,-0.9500000000000002
2005-04-01,-0.9527619047618998,1.8533600000000003,-3.01,2.66,-2.41704780952381,-0.6199999999999997,3.96,-1.0999999999999999,-1.04
2005-05-01,-1.09436363636364,1.6737499999999996,-3.14,2.4599999999999995,-2.54933785,-0.7600000000000002,3.8299999999999996,-1.3200000000000003,-1.1400000000000001
2005-06-01,-1.2689545454545499,1.4614400000000005,-3.29,2.2800000000000002,-2.7077987727272728,-0.9319999999999999,3.6500000000000004,-1.73,-1.23
2005-07-01,-1.45057142857143,1.0879400000000001,-3.48,2.0800000000000005,-2.9037236190476188,-1.0149999999999997,3.4600000000000004,-2.09,-1.3499999999999996
2005-08-01,-1.6375217391304302,0.8246499999999997,-3.68,1.85,-3.094118909090909,-1.0899999999999999,3.2600000000000002,-2.29,-1.52
2005-09-01,-1.7308636363636403,0.7268600000000003,-3.7800000000000002,1.75,-3.195080363636364,-1.0750000000000002,3.2199999999999998,-2.4000000000000004,-1.52
2005-10-01,-1.9333809523809498,0.45701000000000036,-4.04,1.5,-3.407845619047619,-1.15,3.1500000000000004,-2.6399999999999997,-1.6799999999999997
2005-11-01,-1.9491363636363594,0.3084700000000007,-4.22,1.3200000000000003,-3.4444479090909086,-1.1039999999999996,3.2300000000000004,-2.8,-1.7699999999999996
2005-12-01,-1.97714285714286,0.1873199999999997,-4.3500000000000005,1.1799999999999997,-3.5169248,-1.1,3.21,-2.7600000000000002,-1.9000000000000004
2006-01-01,-2.0483181818181797,0.04368000000000016,-4.4563999999999995,1.0700000000000003,-3.6355105238095238,-1.1399999999999997,3.08,-2.7299999999999995,-2.0399999999999996
2006-02-01,-2.1196499999999996,-0.13800999999999952,-4.609999999999999,0.8900000000000006,-3.7232394999999996,-1.0899999999999999,2.8100000000000005,-2.79,-2.15
2006-03-01,-2.15739130434783,-0.2925899999999997,-4.7545,0.7300000000000004,-3.76680056521739,-1.12,2.6100000000000003,-2.92,-2.1599999999999997
2006-04-01,-2.2362222222222203,-0.4004000000000003,-4.890000000000001,0.6600000000000001,-3.85449783333333,-1.0700000000000003,2.4399999999999995,-2.9800000000000004,-2.2100000000000004
2006-05-01,-2.2610000000000006,-0.4485000000000001,-4.880000000000001,0.7199999999999998,-3.8480074285714303,-1.024,2.34,-3.0400000000000005,-2.2100000000000004
2006-06-01,-2.3643181818181795,-0.6150199999999995,-5.0,0.6100000000000003,-3.9772924285714297,-1.1099999999999994,2.12,-3.1399999999999997,-2.32
2006-07-01,-2.35780952380952,-0.7267799999999998,-5.02,0.5899999999999999,-4.03230471428571,-1.2599999999999998,2.0200000000000005,-3.18,-2.37
2006-08-01,-2.1535217391304298,-0.43574999999999964,-4.9479999999999995,0.8100000000000005,-3.85691136363636,-1.2480000000000002,2.1100000000000003,-2.9499999999999997,-2.15
2006-09-01,-2.00461904761905,-0.3149899999999999,-4.904,0.8700000000000001,-3.696631,-1.1899999999999995,2.2199999999999998,-2.8,-1.9699999999999998
2006-10-01,-1.8280000000000003,-0.1982400000000002,-4.883,0.9500000000000002,-3.5826199090909103,-1.1725000000000003,2.33,-2.59,-1.85
2006-11-01,-1.7228181818181802,-0.09456000000000042,-4.8180000000000005,1.0499999999999998,-3.5140382727272703,-1.1420000000000003,2.29,-2.4200000000000004,-1.7000000000000002
2006-12-01,-1.6357894736842105,-0.02833000000000041,-4.78,1.0699999999999994,-3.4115921764705903,-1.1600000000000001,2.34,-2.3200000000000003,-1.5200000000000005
2007-01-01,-1.56813636363636,0.16622999999999966,-4.78,1.1099999999999994,-3.26953076190476,-1.1640000000000006,2.38,-2.1100000000000003,-1.3400000000000003
2007-02-01,-1.4917999999999996,0.25570000000000004,-4.6499999999999995,1.0600000000000005,-3.1986784499999996,-1.13,2.4400000000000004,-2.0199999999999996,-1.1099999999999994
2007-03-01,-1.4090909090909096,0.24946000000000002,-4.64,1.13,-3.14012522727273,-1.1324999999999994,2.58,-2.04,-0.8700000000000001
2007-04-01,-1.3347368421052597,0.3389900000000008,-4.659999999999999,1.1700000000000008,-3.0861332631578895,-1.1475,2.670000000000001,-1.9699999999999998,-0.7699999999999996
2007-05-01,-1.2386363636363598,0.4574200000000008,-4.64,1.0600000000000005,-2.9931617499999996,-1.1199999999999992,2.7800000000000002,-1.9099999999999997,-0.71
2007-06-01,-1.1822380952380902,0.5501800000000001,-4.6,1.0899999999999999,-2.88628171428571,-0.9699999999999998,2.99,-1.88,-0.5800000000000001
2007-07-01,-1.1038181818181805,0.7039599999999995,-4.550000000000001,1.1499999999999995,-2.70827259090909,-0.8225000000000007,3.119999999999999,-1.7900000000000005,-0.4300000000000006
2007-08-01,-0.9463913043478298,0.9294599999999997,-4.65,1.2599999999999998,-2.88327927272727,-1.2280000000000006,3.2300000000000004,-1.9100000000000001,-0.3100000000000005
2007-09-01,-0.7183000000000002,1.1869399999999999,-4.61,1.4800000000000004,-2.96654575,-1.4625,3.3500000000000005,-1.8399999999999999,0.04999999999999982
2007-10-01,-0.3926086956521697,1.1901399999999995,-4.23,1.83,-2.62329873913043,-1.1440000000000001,3.5999999999999996,-1.27,0.5899999999999999
2007-11-01,-0.3314545454545499,1.43858,-4.1,2.1800000000000006,-2.6749566818181796,-1.0074999999999998,3.7600000000000007,-0.9500000000000002,0.8100000000000005
2007-12-01,-0.1716315789473697,1.3394300000000001,-4.159999999999999,2.2700000000000005,-2.6756841176470596,-1.1874999999999996,3.880000000000001,-0.8999999999999995,0.9400000000000004
2008-01-01,0.64154545454545,1.8196500000000002,-2.9899999999999998,3.34,-1.5524972857142898,-0.258,4.91,0.27000000000000046,1.9500000000000002
2008-02-01,1.3020952380952395,2.5820199999999995,-2.21,4.630000000000001,-0.6425431904761902,0.20500000000000007,5.76,1.15,2.85
2008-03-01,1.80636842105263,3.1092899999999997,-1.9500000000000002,5.11,-0.5018710526315799,-0.605,6.12,1.4500000000000002,3.3899999999999997
2008-04-01,1.9335,3.0688099999999996,-2.0100000000000002,4.99,-0.66877377272727,-0.4460000000000002,6.02,1.2899999999999996,3.4499999999999997
2008-05-01,2.19738095238095,3.16639,-1.8200000000000003,5.09,-0.6171844000000002,-0.010000000000000231,6.050000000000001,1.4500000000000002,3.8200000000000003
2008-06-01,2.1805238095238106,3.16944,-1.9,5.05,-0.6162729047619,-0.14749999999999996,5.92,1.4100000000000001,3.6500000000000004
2008-07-01,2.1710000000000003,3.0422000000000002,-1.94,4.96,-0.58310417391304,-0.42200000000000015,5.670000000000001,1.5499999999999998,3.67
2008-08-01,2.1751904761904797,2.97619,-1.94,4.52,-0.6066140999999998,-0.31999999999999984,5.409999999999999,1.6100000000000003,3.74
2008-09-01,1.4291818181818199,2.3205999999999998,-2.7199999999999998,3.6799999999999997,-1.465347,-1.4724999999999997,4.36,0.9000000000000004,3.2300000000000004
2008-10-01,0.7930869565217398,1.81304,-3.43,1.71,-2.9092088181818205,-2.7640000000000002,3.1099999999999994,-0.6900000000000004,2.5999999999999996
2008-11-01,1.8782999999999999,2.08684,-1.48,2.4,-1.659682153846154,-0.5774999999999999,3.89,0.8400000000000003,3.82
2008-12-01,1.5226190476190502,1.40247,-1.03,2.6199999999999997,-1.6624695,-0.72,3.4600000000000004,0.050000000000000044,2.8699999999999997
2009-01-01,1.43652380952381,1.3227600000000002,-0.30000000000000004,2.72,-0.9261243,-0.21750000000000003,3.36,0.33000000000000007,2.68
2009-02-01,0.78305,0.9303800000000002,-0.44999999999999996,2.0,-1.049997055555556,-0.4324999999999999,2.24,-0.30999999999999994,2.3200000000000003
2009-03-01,0.5654545454545499,0.76139,-0.42000000000000004,2.09,-0.9569869523809521,-0.6625000000000001,2.17,-0.67,2.0999999999999996
2009-04-01,0.5322999999999999,0.64413,-0.29000000000000004,2.21,-0.7997538181818182,-0.5660000000000001,2.23,-0.5900000000000001,1.98
2009-05-01,0.7117000000000001,0.78795,0.0,2.56,-0.47872194117647054,-0.38999999999999996,2.25,-0.09999999999999998,1.83
2009-06-01,0.8379090909090899,0.8511700000000001,0.17000000000000004,2.86,-0.3028694736842105,-0.165,2.3899999999999997,0.0,1.71
2009-07-01,0.6249565217391311,0.6511300000000001,0.20000000000000007,2.79,-0.2782154347826087,-0.11599999999999996,2.44,-0.16999999999999998,1.52
2009-08-01,0.560476190476191,0.47369,0.24000000000000005,3.0,-0.2261631904761905,-0.06999999999999998,2.46,-0.13999999999999999,1.5799999999999998
2009-09-01,0.522090909090909,0.3556,0.29000000000000004,3.12,-0.176599619047619,-0.03,2.52,-0.1,1.68
2009-10-01,0.49750000000000005,0.33087,0.29000000000000004,3.54,-0.15499666666666667,-0.024999999999999994,2.55,-0.06,1.7899999999999998
2009-11-01,0.5061904761904761,0.39936000000000005,0.30000000000000004,3.74,-0.091464214285714,0.0050000000000000044,2.59,-0.03,1.8399999999999999
2009-12-01,0.492045454545454,0.38541000000000003,0.24000000000000002,3.9090476189999994,-0.104380090909091,-0.021999999999999992,2.5599999999999996,-0.04999999999999999,1.86
2010-01-01,0.47974999999999995,0.41265,0.25,4.0024999999999995,-0.1096406,-0.027500000000000024,2.5799999999999996,0.0,2.05
2010-02-01,0.47169999999999995,0.4431,0.25,3.97,-0.09125675,-0.024999999999999994,2.54,0.03,2.08
2010-03-01,0.41495652173913,0.41549,0.19999999999999998,4.097499999999999,-0.13422227272727272,-0.0020000000000000018,2.44,0.0,2.07
2010-04-01,0.34470000000000006,0.35591999999999996,0.10000000000000003,4.245,-0.21205649999999998,0.03750000000000003,2.39,-0.010000000000000009,2.0900000000000003
2010-05-01,0.23652380952380997,0.24713000000000002,-0.06,4.3549999999999995,-0.36809025,-0.06,2.44,-0.16999999999999998,2.05
2010-06-01,0.20759090909090894,0.20838999999999996,-0.14,4.3675,-0.40225925,0.0020000000000000018,2.55,-0.25,2.15
2010-07-01,0.43881818181818205,0.32603,-0.03999999999999998,4.43,-0.22714880952380997,0.16499999999999998,2.82,-0.019999999999999962,2.28
2010-08-01,0.5754999999999999,0.41295999999999994,0.03999999999999998,4.422499999999999,-0.11343065,0.34,2.93,0.13,2.33
2010-09-01,0.6004999999999999,0.44858999999999993,0.07999999999999996,4.535,-0.06618790476190503,0.57,2.9000000000000004,0.24,2.3600000000000003
2010-10-01,0.727666666666667,0.4683999999999999,0.07,4.539999999999999,-0.022082250000000025,0.625,2.91,0.54,2.29
2010-11-01,0.77204545454545,0.4690099999999999,0.07,4.744999999999999,-0.08399895000000002,0.6825,2.9,0.8400000000000001,2.2399999999999998
2010-12-01,0.72169565217391,0.44961999999999996,0.040000000000000036,4.7250000000000005,-0.108631888888889,0.694,2.87,0.98,2.29
2011-01-01,0.7272380952380999,0.47866000000000003,0.050000000000000044,4.665,-0.13918980952381,0.6725000000000001,2.9,1.2,2.3
2011-02-01,0.8067500000000001,0.51962,0.06,4.6375,-0.14045725000000003,0.6725,2.8499999999999996,1.46,2.33
2011-03-01,0.89552173913043,0.52913,0.05614999999999998,4.64,-0.12487582608695702,0.646,2.41,1.46,2.34
2011-04-01,1.09121052631579,0.59096,0.10285999999999998,4.67,-0.09054588888888901,0.735,2.42,1.57,2.46
2011-05-01,1.21509090909091,0.61344,0.12214,4.7925,-0.09055013636363599,0.7525000000000001,2.45,1.7,2.5100000000000002
2011-06-01,1.26859090909091,0.60512,0.11213999999999999,4.7725,-0.11794035,0.7080000000000001,2.4299999999999997,1.6300000000000001,2.63
2011-07-01,1.35761904761905,0.5889,0.09214,4.715,-0.1490445238095238,0.6825,2.4699999999999998,1.56,2.7
2011-08-01,1.2620869565217399,0.56782,0.03856999999999999,4.5675,-0.3575968,0.5840000000000001,2.61,1.42,2.81
2011-09-01,1.2064545454545499,0.5881000000000001,-0.0007099999999999884,4.4799999999999995,-0.39107027272727274,0.5425,2.55,1.25,2.75
2011-10-01,1.2058571428571399,0.59991,-0.04070999999999997,4.3549999999999995,-0.4633598947368421,0.49250000000000005,2.3899999999999997,1.08,2.71
2011-11-01,1.07468181818182,0.60182,-0.08070999999999995,4.2124999999999995,-0.4753187,0.47200000000000003,2.28,1.04,2.75
2011-12-01,0.9360952380952401,0.57148,-0.16070999999999996,4.0175,-0.41,0.33999999999999997,2.2,0.8800000000000001,2.5300000000000002
2012-01-01,0.82222727272727,0.6870899999999999,-0.06923000000000001,4.01,-0.3597067142857143,0.42499999999999993,2.3400000000000003,1.1600000000000001,2.3000000000000003
2012-02-01,0.74828571428571,0.7724899999999999,0.03167000000000003,4.07,-0.28212349999999997,0.6180000000000001,2.45,1.29,2.37
2012-03-01,0.568454545454546,0.7475700000000001,0.04167000000000004,4.1525,-0.23870075,0.625,2.45,1.2,2.14
2012-04-01,0.45431578947368406,0.7279199999999999,0.04167000000000004,3.9124999999999996,-0.27630116666666665,0.6925000000000001,2.45,1.15,2.03
2012-05-01,0.39490909090909104,0.7149999999999999,0.04167000000000004,3.3649999999999998,-0.3054980555555556,0.698,2.3,1.0899999999999999,2.03
2012-06-01,0.338857142857143,0.62978,0.014550000000000007,3.1725000000000003,-0.3773110588235294,0.5625,2.29,0.9199999999999999,2.02
2012-07-01,0.19704545454545502,0.51735,0.027270000000000016,3.245,-0.473395066666667,0.5874999999999999,2.37,0.8,1.9400000000000002
2012-08-01,0.07239130434782598,0.44481000000000004,0.06727,3.3575,-0.467230666666667,0.742,2.38,0.8899999999999999,1.8699999999999999
2012-09-01,0.0063,0.40803,0.08727000000000001,3.25,-0.390658058823529,0.7675000000000001,2.4000000000000004,0.8,1.72
2012-10-01,-0.022086956521739004,0.31396999999999997,0.09635999999999997,2.9325,-0.29339775,0.746,2.42,0.75,1.69
2012-11-01,-0.038000000000000006,0.29452,0.08818000000000001,3.0125,-0.374987368421053,0.74,2.41,0.8300000000000001,1.69
2012-12-01,-0.05452631578947398,0.27848000000000006,0.06818000000000002,2.8724999999999996,-0.291343,0.705,2.41,0.77,1.6300000000000001
2013-01-01,-0.025090909090908997,0.28228,0.061820000000000014,2.77,-0.3380856,0.6900000000000001,2.43,0.73,1.6300000000000001
2013-02-01,0.003349999999999992,0.28988,0.049089999999999995,2.7199999999999998,-0.2834238666666667,0.7275,2.44,0.76,1.6805
2013-03-01,-0.003949999999999981,0.29688000000000003,0.04000000000000001,2.84,-0.2696407368421053,0.7525000000000001,2.43,0.76,1.638947368
2013-04-01,0.008904761904761999,0.30556999999999995,0.028179999999999983,2.82,-0.2647253333333333,0.7825,2.4499999999999997,0.75,1.621428571
2013-05-01,0.0012272727272729933,0.30563,0.028179999999999983,2.6199999999999997,-0.25881175,0.798,2.44,0.72,1.563684211
2013-06-01,0.02024999999999999,0.31793999999999994,0.03817999999999999,2.61,-0.25021110526315793,0.835,2.45,0.73,1.5435
2013-07-01,0.081434782608696,0.36944,0.088,2.6199999999999997,-0.1958058260869565,0.872,2.5,0.79,1.54826087
2013-08-01,0.105863636363636,0.39261999999999997,0.10800000000000001,2.48,-0.18065045,0.8725,2.52,0.81,1.603181818
2013-09-01,0.11323809523809501,0.40688,0.11800000000000001,2.47,-0.1611073157894737,0.8775000000000001,2.54,0.78,1.6038095239999999
2013-10-01,0.10582608695652201,0.39663000000000004,0.101,2.46,-0.10407079999999999,0.804,2.55,0.8,1.565217391
2013-11-01,0.10338095238095202,0.40344,0.1,2.46,-0.1369540555555556,0.805,2.54,0.8,1.543333333
2013-12-01,0.1335,0.38473999999999997,0.07999999999999999,2.46,-0.12256508333333331,0.7775,2.59,0.6799999999999999,1.518947368
2014-01-01,0.172045454545455,0.40093,0.1,2.5,-0.16332439999999998,0.774,2.76,0.61,1.5290909090000002
2014-02-01,0.15810000000000002,0.39153000000000004,0.08199999999999999,2.5,-0.17796675,0.74,2.8000000000000003,0.6,1.569
2014-03-01,0.18533333333333302,0.40157,0.092,2.53,-0.1600058571428571,0.7225,2.9299999999999997,0.61,1.587619048
2014-04-01,0.20975,0.40664999999999996,0.092,2.56,-0.1492094,0.806,3.12,0.58,1.6321052630000001
2014-05-01,0.21457142857142902,0.41744000000000003,0.09999999999999999,2.58,-0.14160255,0.8150000000000001,3.27,0.55,1.7089999999999999
2014-06-01,0.131428571428571,0.43394,0.09999999999999999,2.5900000000000003,-0.122441,0.8250000000000001,3.41,0.47,1.694
2014-07-01,0.07504347826086999,0.42640999999999996,0.07999999999999999,2.52,-0.0966666666666667,0.818,3.54,0.13,1.585217391
2014-08-01,0.061571428571429,0.43118999999999996,0.07999999999999999,2.5,-0.092,0.82,3.56,0.09,1.592380952
2014-09-01,-0.022909090909090893,0.44291,0.09,2.54,-0.095,0.8075,3.59,0.07,1.580909091
2014-10-01,-0.0373913043478261,0.43835999999999997,0.07200000000000001,2.6,-0.07999999999999999,0.774,3.56,0.020000000000000018,1.5056521740000002
2014-11-01,-0.049100000000000005,0.42628,0.05199999999999999,2.62,-0.0885714285714286,0.7725,3.54,-0.08,1.529
2014-12-01,-0.0690952380952381,0.40818,0.028999999999999998,2.6,-0.10976562499999999,0.752,3.52,-0.09,1.3845
2015-01-01,-0.0973333333333333,0.40259999999999996,0.012999999999999984,2.54,-0.576666666666667,0.605,3.51,-0.05,1.228095238
2015-02-01,-0.1018,0.41362999999999994,0.02100000000000002,2.21,-0.8250000000000001,0.38249999999999995,3.48,-0.16999999999999998,1.23
2015-03-01,-0.11281818181818182,0.42435999999999996,0.03,2.1599999999999997,-0.928842625,0.4125,3.4899999999999998,-0.25,1.2399999999999998
2015-04-01,-0.1253,0.4395,0.04000000000000001,2.12,-0.815416666666667,0.488,3.5,-0.39,1.3399999999999999
2015-05-01,-0.1603684210526316,0.41798,0.019000000000000017,2.0,-0.96541675,0.5075,3.38,-0.42000000000000004,1.34
2015-06-01,-0.1939090909090909,0.39188000000000006,-0.010999999999999982,1.97,-0.9475758333333331,0.43,3.15,-0.5,1.1700000000000002
2015-07-01,-0.2087391304347826,0.39084,-0.02099999999999999,1.9500000000000002,-0.9343055,0.27999999999999997,2.94,-0.6699999999999999,1.08
2015-08-01,-0.28766666666666674,0.3267,-0.091,1.8800000000000001,-1.04125,0.125,2.6900000000000004,-0.72,0.94
2015-09-01,-0.3070454545454546,0.31575999999999993,-0.101,1.9,-1.0261761666666671,0.13,2.58,-0.75,0.8899999999999999
2015-10-01,-0.3035909090909091,0.33006,-0.08099999999999999,1.9,-1.095,0.15250000000000002,2.61,-0.69,0.8600000000000001
2015-11-01,-0.3876190476190476,0.27371000000000006,-0.13099999999999998,1.9200000000000002,-0.9808330000000001,0.15250000000000002,2.5900000000000003,-0.6599999999999999,0.8499999999999999
2015-12-01,-0.666318181818182,0.042769999999999975,-0.371,1.7999999999999998,-1.280213833333333,-0.05600000000000005,2.25,-0.92,0.5999999999999999
2016-01-01,-0.71615,0.01976,-0.4009999999999999,1.73,-1.3158729999999998,-0.13499999999999995,2.16,-1.03,0.59
2016-02-01,-0.723571428571429,0.05072999999999994,-0.44200000000000006,1.7399999999999998,-1.4286364,-0.08250000000000002,2.08,-1.04,0.55
2016-03-01,-0.7785238095238101,0.038250000000000006,-0.45200000000000007,1.76,-1.324167,-0.09000000000000002,1.8800000000000001,-1.1400000000000001,0.47
2016-04-01,-0.799190476190476,0.038899999999999935,-0.49000000000000005,1.7099999999999997,-1.296875,-0.03750000000000009,1.7899999999999998,-1.1400000000000001,0.42999999999999994
2016-05-01,-0.827181818181818,0.01929000000000003,-0.51,1.4300000000000002,-1.335375,-0.0625,1.81,-1.17,0.41000000000000003
2016-06-01,-0.817909090909091,0.024679999999999924,-0.49100000000000005,1.44,-1.268645,-0.040000000000000036,1.82,-1.1800000000000002,0.47
2016-07-01,-0.9145238095238091,-0.10640000000000005,-0.5619999999999999,1.31,-1.3900000000000001,-0.12,1.75,-1.29,0.39
2016-08-01,-1.028217391304348,-0.32387,-0.6719999999999999,1.03,-1.48,-0.22399999999999998,1.5100000000000002,-1.47,0.3500000000000001
2016-09-01,-1.051636363636364,-0.37093,-0.694,0.98,-1.5,-0.245,1.48,-1.5,0.3400000000000001
2016-10-01,-1.029,-0.32249999999999995,-0.6639999999999999,1.02,-1.47,-0.23249999999999998,1.43,-1.47,0.3900000000000001
2016-11-01,-1.022681818181818,-0.31227,-0.6539999999999999,1.05,-1.47,-0.22999999999999998,1.3599999999999999,-1.5,0.3900000000000001
2016-12-01,-1.185761904761905,-0.49774,-0.814,0.91,-1.67,-0.3925,1.1599999999999997,-1.6600000000000001,0.2899999999999999
2017-01-01,-1.225545454545455,-0.5379,-0.844,0.88,-1.83,-0.45,1.08,-1.67,0.18000000000000005
2017-02-01,-1.1985999999999999,-0.51326,-0.814,0.91,-1.6737781666666671,-0.40499999999999997,1.15,-1.56,0.15000000000000002
2017-03-01,-1.3093478260869569,-0.6343300000000001,-0.9239999999999999,0.81,-1.795,-0.482,1.0,-1.6099999999999999,-0.020000000000000018
2017-04-01,-1.360388888888889,-0.6948700000000001,-0.974,0.74,-1.8201190999999999,-0.495,0.94,-1.6600000000000001,-0.050000000000000044
2017-05-01,-1.379454545454545,-0.73919,-0.994,0.6799999999999999,-1.94770825,-0.538,0.9299999999999999,-1.67,-0.15000000000000002
2017-06-01,-1.49,-0.8655799999999999,-1.1039999999999999,0.56,-1.935,-0.595,0.79,-1.83,-0.2899999999999999
2017-07-01,-1.550428571428571,-0.9269,-1.145,0.48,-2.025833333333333,-0.49,0.74,-1.97,-0.38
2017-08-01,-1.579086956521739,-0.96881,-1.194,0.44999999999999996,-2.065,-0.528,0.7,-1.98,-0.44999999999999996
2017-09-01,-1.5793809523809519,-0.94089,-1.194,0.47,-2.09525,-0.27,0.7,-1.96,-0.44999999999999996
2017-10-01,-1.589545454545455,-0.8781300000000001,-1.197,0.43999999999999995,-2.185185222222222,-0.30000000000000004,0.6799999999999999,-1.94,-0.44000000000000006
2017-11-01,-1.649,-0.8014300000000001,-1.2570000000000001,0.3999999999999999,-2.226642166666667,-0.44000000000000006,0.6099999999999999,-2.0300000000000002,-0.54
2017-12-01,-1.867894736842105,-1.02129,-1.477,0.22999999999999998,-2.404305555555556,-0.5800000000000001,0.33999999999999986,-2.29,-0.7100000000000001
2018-01-01,-1.958454545454546,-1.1075,-1.5619999999999998,0.16000000000000014,-2.50154745,-0.46599999999999997,0.25,-2.32,-0.7899999999999999
2018-02-01,-2.1085000000000003,-1.2331699999999999,-1.712,-0.010000000000000009,-2.6515625,-0.6174999999999999,0.1299999999999999,-2.44,-0.85
2018-03-01,-2.407904761904762,-1.45158,-1.983,-0.15000000000000013,-2.87524075,-0.9850000000000001,-0.15000000000000013,-2.74,-1.01
2018-04-01,-2.5284500000000003,-1.4437100000000003,-2.103,-0.14000000000000012,-3.00023515,-1.0350000000000001,-0.1900000000000004,-2.8600000000000003,-1.0600000000000003
2018-05-01,-2.4852272727272733,-1.5164500000000003,-2.0820000000000003,-0.20000000000000018,-2.9461775,-0.9140000000000001,-0.15000000000000036,-2.8600000000000003,-1.09
2018-06-01,-2.512047619047619,-1.55132,-2.112,-0.1200000000000001,-2.980477142857143,-0.9524999999999999,-0.18000000000000016,-2.88,-1.18
2018-07-01,-2.490727272727273,-1.42381,-2.0789999999999997,-0.1499999999999999,-2.950435909090909,-0.7949999999999999,-0.22999999999999998,-2.84,-1.13
2018-08-01,-2.509,-1.3848099999999999,-2.0989999999999998,-0.22999999999999998,-2.967280909090909,-0.702,-0.29000000000000004,-2.87,-1.15
2018-09-01,-2.55885,-1.43907,-2.1900000000000004,-0.3100000000000003,-3.020283888888889,-0.7225000000000001,-0.3400000000000003,-2.97,-1.1500000000000001
2018-10-01,-2.6876956521739133,-1.5638200000000002,-2.3200000000000003,-0.44000000000000017,-3.201076428571429,-0.7100000000000002,-0.4800000000000002,-3.0700000000000003,-1.28
2018-11-01,-2.876363636363636,-1.68517,-2.5100000000000002,-0.6200000000000001,-3.375,-0.8475000000000001,-0.5800000000000001,-3.29,-1.36
2018-12-01,-3.0018947368421047,-1.7855599999999998,-2.64,-0.6699999999999999,-3.466,-1.03,-0.71,-3.35,-1.41
2019-01-01,-2.8979999999999997,-1.6717799999999998,-2.56,-0.52,-3.403503555555556,-0.956,-0.6799999999999999,-3.03,-1.3299999999999998
2019-02-01,-2.7984500000000003,-1.6140200000000002,-2.4600000000000004,-0.5300000000000002,-3.2586175714285712,-0.8250000000000002,-0.5900000000000003,-2.89,-1.2200000000000002
2019-03-01,-2.789190476190476,-1.6400000000000001,-2.43,-0.6499999999999999,-3.236575222222222,-0.8200000000000001,-0.6000000000000001,-2.88,-1.14
2019-04-01,-2.78045,-1.6500000000000004,-2.4200000000000004,-0.7900000000000003,-3.2175000000000002,-0.7950000000000002,-0.6600000000000001,-2.8695000000000004,-1.0700000000000003
2019-05-01,-2.7518636363636357,-1.64,-2.391,-0.8999999999999999,-3.2152624999999997,-0.762,-0.72,-2.8395,-0.98
2019-06-01,-2.6289,-1.5199999999999998,-2.251,-1.0099999999999998,-3.080555,-0.6349999999999998,-0.6999999999999997,-2.6994,-0.7899999999999998
2019-07-01,-2.5848695652173914,-1.4500000000000002,-2.1710000000000003,-1.11,-3.06,-0.5660000000000003,-0.6700000000000002,-2.62,-0.6500000000000001
2019-08-01,-2.467681818181818,-1.3,-2.051,-1.08,-2.8675,-0.42500000000000004,-0.81,-2.4878,-0.44999999999999996
2019-09-01,-2.447571428571429,-1.2599999999999998,-2.021,-1.0499999999999998,-2.82125,-0.40249999999999986,-0.8799999999999999,-2.4394,-0.32999999999999985
2019-10-01,-2.2928695652173907,-1.0999999999999999,-1.871,-0.9999999999999999,-2.6365909090909088,-0.22599999999999998,-0.8299999999999998,-2.3133,-0.06999999999999984
2019-11-01,-2.1712857142857143,-0.98,-1.752,-0.86,-2.475643333333333,-0.10749999999999993,-0.5900000000000001,-2.2417,0.08000000000000007
2019-12-01,-2.1547,-0.97,-1.739,-0.86,-2.496666666666667,-0.10250000000000004,-0.54,-2.215,0.09000000000000008
2020-01-01,-2.041136363636364,-0.9099999999999999,-1.629,-0.7599999999999999,-2.3987499999999997,-0.0040000000000000036,-0.3799999999999999,-1.8249,0.18000000000000016
2020-02-01,-1.99885,-0.8400000000000001,-1.5690000000000002,-0.7000000000000001,-2.3064475,0.04249999999999998,-0.41000000000000014,-1.7399,0.15999999999999992
2020-03-01,-1.7666363636363642,-0.8200000000000001,-1.344,-0.8200000000000001,-2.0250000000000004,-0.6775000000000001,-0.6400000000000001,-1.50291,0.039999999999999813
2020-05-01,-0.44195000000000007,0.16,-0.21200000000000002,-0.07,-0.833348888888889,0.06499999999999997,0.09,-0.30926,0.12999999999999998
2020-06-01,-0.5760000000000001,-0.010000000000000009,-0.24200000000000002,-0.1,-0.8658144999999999,-0.007500000000000007,0.08000000000000002,-0.284714,0.14
2020-07-01,-0.624130434782609,-0.07999999999999999,-0.245,-0.07999999999999999,-0.8707134782608701,0.0,0.12,-0.264522,0.14
2020-08-01,-0.629714285714286,-0.07999999999999999,-0.215,-0.04999999999999999,-0.856807142857143,0.007500000000000007,0.13999999999999999,-0.26924,0.1
2020-09-01,-0.621363636363636,-0.07,-0.185,-0.04000000000000001,-0.838714090909091,0.011999999999999983,0.16999999999999998,-0.26068,0.14
2020-10-01,-0.629136363636364,-0.06999999999999999,-0.175,-0.04999999999999999,-0.818181818181818,-0.01999999999999999,0.15000000000000002,-0.2485,0.21000000000000002
2020-11-01,-0.680857142857143,-0.12,-0.215,-0.14,-0.89,-0.052500000000000005,0.11000000000000001,-0.28448,0.19999999999999998
2020-12-01,-0.708090909090909,-0.14,-0.225,-0.15000000000000002,-0.912727272727273,-0.06400000000000002,0.09,-0.35255000000000003,0.31999999999999995
2021-01-01,-0.68715,-0.11000000000000001,-0.195,-0.13,-0.869838,-0.08250000000000002,0.14,-0.29042,0.33999999999999997
2021-02-01,-0.6511,-0.06,-0.165,-0.1,-0.842424,-0.027499999999999997,0.17000000000000004,-0.24130000000000001,0.34
2021-03-01,-0.639086956521739,-0.020000000000000004,-0.165,-0.07,-0.83,0.0059999999999999915,0.23,-0.25965,0.28
2021-04-01,-0.64815,-0.020000000000000004,-0.175,-0.07,-0.8385414999999999,-0.0175,0.23000000000000004,-0.25671,0.19
2021-05-01,-0.6400952380952379,-0.020000000000000004,-0.165,-0.060000000000000005,-0.835221052631579,-0.0025000000000000022,0.24999999999999997,-0.2519,0.13999999999999999
2021-06-01,-0.632909090909091,-0.009999999999999995,-0.16199999999999998,-0.06,-0.827727272727273,0.038000000000000006,0.24000000000000002,-0.24881,0.11000000000000001
2021-07-01,-0.644818181818182,-0.020000000000000004,-0.172,-0.08,-0.836136363636364,0.0675,0.30000000000000004,-0.25514000000000003,0.22
2021-08-01,-0.647590909090909,-0.03,-0.172,-0.09000000000000001,-0.838181818181818,0.07749999999999999,0.44000000000000006,-0.26214000000000004,0.31999999999999995
2021-09-01,-0.6450454545454539,-0.03,-0.172,-0.09000000000000001,-0.9199999999999999,0.032,0.47,-0.27082,0.5700000000000001
2021-10-01,-0.659809523809524,0.05,-0.182,-0.07,-0.836692380952381,0.009999999999999995,0.59,-0.32338,0.63
2021-11-01,-0.707363636363636,-0.010000000000000009,-0.21200000000000002,-0.1,-0.833960909090909,-0.02250000000000002,0.69,-0.48709,0.69
2021-12-01,-0.7519565217391301,-0.010000000000000009,-0.21900000000000003,-0.11000000000000001,-0.88745652173913,-0.09200000000000001,0.74,-0.55467,0.85
2022-01-01,-0.780142857142857,0.31000000000000005,-0.269,-0.15,-0.934190952380952,0.08499999999999999,0.81,-0.38025,0.8800000000000001
2022-02-01,-0.91150000005,0.43000000000000005,-0.429,-0.31,-1.064792,-0.05499999999999999,0.83,-0.5235,0.7899999999999999
2022-03-01,-1.225434782608696,0.26,-0.779,-0.5599999999999999,-1.4121743478260869,-0.16400000000000003,0.76,-0.9549099999999999,0.5900000000000001
2022-04-01,-1.357894736842105,0.21999999999999986,-0.9590000000000001,-0.5,-1.5825,0.13750000000000007,0.9,-1.008526,0.36
2022-05-01,-1.715727272727273,-0.020000000000000018,-1.379,-0.33000000000000007,-2.015,0.03749999999999987,0.8900000000000001,-1.01686,-0.09000000000000008
2022-06-01,-2.109227272727273,-0.30000000000000004,-1.8650000000000002,-0.27,-2.378571428571429,-0.03600000000000003,0.81,-1.3553000000000002,-0.19000000000000017
2022-07-01,-2.4633809523809522,-0.6599999999999999,-2.531,-0.43000000000000016,-2.61,-0.05500000000000016,0.5299999999999998,-1.7199,-0.2599999999999998
2022-08-01,-2.365260869565217,-0.5299999999999998,-2.78,-0.44999999999999973,-2.784545454545454,0.14800000000000013,0.5500000000000003,-1.6283499999999997,-0.1599999999999997
2022-09-01,-2.19913636363636,-0.2999999999999998,-3.226,-0.4500000000000002,-3.0625,0.20999999999999996,0.43000000000000016,-1.70041,-0.27
2022-10-01,-2.42233333333333,-0.45999999999999996,-3.866,-0.8999999999999999,-3.32125,-0.0900000000000003,0.1499999999999999,-2.24714,-0.52
2022-11-01,-2.63477272727273,-0.94,-4.476,-1.4,-3.92,-0.472,-0.21999999999999975,-2.7808599999999997,-0.9500000000000002
2022-12-01,-2.4465238095238098,-0.73,-4.5249999999999995,-1.3399999999999999,-3.773650952380952,-0.34249999999999936,0.020000000000000462,-2.4893799999999997,-1.25
2023-01-01,-2.26513636363636,-0.6000000000000005,-4.6160000000000005,-1.2900000000000005,-3.6230952380952384,-0.28500000000000014,0.1999999999999993,-1.9530500000000002,-1.3400000000000003
2023-02-01,-2.09965,-0.5300000000000002,-4.739,-1.2800000000000002,-3.74,-0.29000000000000004,0.2699999999999996,-1.7047000000000003,-1.4900000000000002
2023-03-01,-1.9994347826086902,-0.5800000000000001,-4.918,-1.27,-3.54617739130435,-0.5220000000000002,0.2400000000000002,-1.66113,-1.2200000000000002
2023-04-01,-1.8630000000000004,-0.5100000000000007,-5.031000000000001,-1.37,-3.58,-0.6625000000000005,0.45999999999999996,-1.6164400000000003,-1.29
2023-05-01,-1.7835652173913004,-0.41999999999999993,-5.1690000000000005,-1.2500000000000004,-3.7,-0.6720000000000006,0.5199999999999996,-1.6487600000000002,-1.2100000000000004
2023-06-01,-1.6841363636363598,-0.1299999999999999,-5.223,-0.9699999999999998,-3.6295454545454495,-0.3875000000000002,0.45999999999999996,-1.6818999999999997,-0.8499999999999996
2023-07-01,-1.6781904761904798,0.14000000000000057,-5.353,-1.0499999999999998,-3.63,-0.41500000000000004,0.3200000000000003,-1.6412899999999997,-0.6699999999999999
2023-08-01,-1.6596956521739106,0.08999999999999986,-5.4430000000000005,-1.29,-3.67272727272727,-0.3860000000000001,0.1999999999999993,-1.6463900000000002,-0.7200000000000006
2023-09-01,-1.6099523809523801,0.02999999999999936,-5.466,-1.3600000000000003,-3.72,-0.45250000000000057,0.1899999999999995,-1.6633300000000002,-0.7700000000000005
2023-10-01,-1.4923636363636401,-0.05999999999999961,-5.4719999999999995,-1.25,-3.69,-0.3799999999999999,0.21999999999999975,-1.50373,-0.7400000000000002
2023-11-01,-1.4383636363636403,-0.04999999999999982,-5.386,-1.0300000000000002,-3.6781818181818204,-0.4139999999999997,0.21999999999999975,-1.3081399999999999,-0.7199999999999998
2023-12-01,-1.38690476190476,-0.10000000000000053,-5.268000000000001,-0.9700000000000006,-3.6675000000000004,-0.3725000000000005,0.3099999999999996,-1.2915800000000006,-0.5899999999999999
2024-01-01,-1.3347272727272697,-0.05999999999999961,-5.234999999999999,-0.9100000000000001,-3.5747619047618997,-0.3119999999999994,0.3799999999999999,-1.2890499999999996,-0.5499999999999998
2024-02-01,-1.2968095238095199,-0.009999999999999787,-5.193,-0.8799999999999999,-3.5199999999999996,-0.28500000000000014,0.4900000000000002,-1.1766199999999998,-0.5099999999999998
2024-03-01,-1.36761904761905,-0.08999999999999986,-5.181,-0.9400000000000004,-3.79,-0.3849999999999998,0.34999999999999964,-1.2374999999999998,-0.5599999999999996
2024-04-01,-1.4436363636363603,-0.15000000000000036,-5.221,-0.96,-3.83,-0.40500000000000025,0.2999999999999998,-1.3792900000000001,-0.6100000000000003
2024-05-01,-1.5163478260869603,-0.16999999999999993,-5.2010000000000005,-0.9699999999999998,-3.83,-0.46199999999999974,0.29000000000000004,-1.54238,-0.6200000000000001
2024-06-01,-1.5555000000000003,-0.1200000000000001,-5.131,-0.8900000000000006,-3.853,-0.6325000000000003,0.33999999999999986,-1.59661,-0.5499999999999998
2024-07-01,-1.6251739130434797,-0.21999999999999975,-5.143999999999999,-0.8499999999999996,-4.116521739130429,-0.8019999999999996,0.2400000000000002,-1.7252999999999994,-0.5499999999999998
2024-08-01,-1.57240909090909,-0.20999999999999996,-4.865,-0.7400000000000002,-4.05352761904762,-0.8875000000000002,0.17999999999999972,-1.7541800000000003,-0.3799999999999999
2024-09-01,-1.4262857142857204,-0.020000000000000462,-4.604,-0.4400000000000004,-3.8378571428571404,-0.8174999999999999,0.1899999999999995,-1.7213300000000005,-0.1299999999999999
2024-10-01,-1.45339130434783,0.1299999999999999,-4.364,-0.20999999999999996,-3.7255073913043484,-0.9100000000000001,0.03000000000000025,-1.70309,0.08000000000000007
2024-11-01,-1.5232380952381002,0.14999999999999947,-4.168,-0.11000000000000032,-3.7234919047619055,-1.0500000000000003,-0.11000000000000032,-1.86471,0.16999999999999993
2024-12-01,-1.6439090909090899,0.17999999999999972,-4.074,-0.019999999999999574,-3.85925,-1.2650000000000001,-0.1900000000000004,-2.00522,0.21999999999999975
2025-01-01,-1.6268695652000003,0.21999999999999975,-3.56273,0.0,-3.921904761904762,-1.2720000000000002,-0.28000000000000025,-1.9989500000000002,0.28000000000000025
2025-02-01,-1.8150499999999998,0.10000000000000053,-3.54818,-0.16999999999999993,-3.96875,-1.4975,-0.5299999999999998,-2.0598,0.16999999999999993
2025-03-01,-1.8475714286000002,0.09999999999999964,-3.46909,-0.16999999999999993,-3.977088095238095,-1.63,-0.6200000000000001,-1.9904800000000002,0.28000000000000025
2025-04-01,-2.0718181818000003,-0.0600000000000005,-3.53636,-0.3000000000000007,-4.16415,-1.6980000000000004,-0.8300000000000001,-2.0520000000000005,0.2699999999999996
2025-05-01,-2.1987272727000002,-0.09999999999999964,-3.51455,-0.5100000000000002,-4.198,-1.6675,-0.9500000000000002,-1.9874300000000003,0.34999999999999964
2025-06-01,-2.3263809523999996,-0.15999999999999925,-3.5372699999999995,-0.6199999999999997,-4.270397,-1.6499999999999995,-1.0099999999999998,-2.12158,0.03000000000000025
2025-07-01,-2.2936521739,-0.23000000000000043,-3.50727,-0.6000000000000001,-4.320652173913044,-1.6180000000000003,-1.0300000000000002,-2.2012600000000004,0.04999999999999982
2025-08-01,-2.1989047618999997,-0.23999999999999977,-3.4472699999999996,-0.6099999999999999,-4.281499999999999,-1.565,-1.1199999999999997,-2.1769999999999996,0.040000000000000036
2025-09-01,-2.0727272726999995,-0.12999999999999945,-3.2818199999999997,-0.5199999999999996,-4.159696818181818,-1.6074999999999995,-1.1699999999999995,-2.1165899999999995,0.03000000000000025
2025-10-01,-1.9455652174,-0.04999999999999982,-3.17091,-0.41999999999999993,-4.0443113043478265,-1.646,-1.4,-2.1272599999999997,0.27
2025-11-01,-1.8183499999999997,-0.020000000000000018,-3.0536399999999997,-0.20999999999999996,-3.9074999999999998,-1.6749999999999998,-1.3899999999999997,-1.9912999999999998,0.3599999999999999
2025-12-01,-1.6942173913,0.009999999999999787,-2.6672700000000003,-0.03000000000000025,-3.7882128571428573,-1.576,-1.25,-1.8111100000000002,0.33000000000000007
2026-01-01,-1.6022727273,0.08000000000000007,-2.5136399999999997,0.14000000000000012,-3.6688864999999997,-1.44,-1.13,-1.6723,0.4800000000000004
