acronym,holding_months,n_months,gross_monthly_pct,gross_sharpe,edge_per_trade_pct,edge_over_cost,buildable
NetPayoutYield,12.0,204,1.4935470674234197,0.9162749506912639,17.922564809081038,89.61282404540519,True
XFIN,12.0,216,1.2343492268428462,0.840163103568926,14.812190722114154,74.06095361057076,True
GP,12.0,132,1.0241899485981474,0.800014473983011,12.290279383177769,61.45139691588884,True
NetEquityFinance,12.0,216,1.0197717461498654,0.7228652201512675,12.237260953798385,61.186304768991924,True
OperProfRD,12.0,96,0.9756887727587077,0.5880770117002864,11.708265273104493,58.54132636552246,True
cfp,12.0,240,0.9325587488734679,0.672916220245066,11.190704986481615,55.95352493240807,True
AccrualsBM,12.0,240,0.8965328529637516,0.5734194232913294,10.758394235565019,53.79197117782509,True
SP,12.0,336,0.8830331277187279,0.604856952930589,10.596397532624735,52.981987663123675,True
ShareIss5Y,12.0,216,0.877460876245249,0.7785398658977228,10.529530514942989,52.64765257471494,True
ShareIss1Y,12.0,192,0.8547613638601078,0.6478776387752008,10.257136366321294,51.28568183160647,True
sfe,12.0,276,0.7396532905432246,0.39159527029960584,8.875839486518695,44.37919743259347,False
VolumeTrend,12.0,336,0.6850827826747461,0.960580164917088,8.220993392096954,41.10496696048477,True
AssetGrowth,12.0,192,0.6665266413115017,0.6498629078383028,7.9983196957380205,39.9915984786901,True
IdioVolAHT,36.0,252,0.21982871878744975,0.12172947869784936,7.913833876348191,39.56916938174095,True
OrderBacklogChg,12.0,204,0.6592545159729051,0.6211866250318371,7.911054191674861,39.5552709583743,True
BMdec,12.0,384,0.617564125665052,0.6232201721517565,7.410769507980625,37.053847539903124,True
BM,12.0,528,0.6117616944075415,0.47929715031687825,7.341140332890498,36.705701664452484,True
CBOperProf,12.0,96,0.5679045131635517,0.34599562495756686,6.814854157962621,34.074270789813106,True
Frontier,12.0,180,0.48646468679952415,0.2779857712247651,5.83757624159429,29.187881207971447,True
IO_ShortInterest,1.0,228,5.790645223823447,0.7220527472700254,5.790645223823447,28.953226119117236,True
AM,12.0,384,0.4681645056669595,0.3064163588383219,5.617974068003514,28.08987034001757,True
OperProf,12.0,216,0.45427415373250185,0.5587737111089826,5.451289844790022,27.25644922395011,True
InvGrowth,12.0,144,0.44558078624198594,0.5446972204295119,5.346969434903832,26.734847174519157,True
ChEQ,12.0,168,0.4058739493126214,0.5252570616566923,4.870487391751457,24.352436958757284,True
PctTotAcc,12.0,156,0.3881421112738287,0.7749820620626516,4.657705335285945,23.288526676429722,True
AnalystValue,12.0,312,0.3870490310066111,0.2513138517746459,4.644588372079333,23.222941860396666,False
CF,12.0,360,0.3850356806983065,0.24624768524205576,4.620428168379679,23.102140841898393,True
RoE,12.0,336,0.3796178159442776,0.39019698471719894,4.555413791331332,22.777068956656656,True
VolMkt,12.0,336,0.3684228155639863,0.2554250387907922,4.421073786767836,22.105368933839177,True
Tax,12.0,240,0.36591001211666246,0.713642589489075,4.390920145399949,21.954600726999747,True
NetDebtFinance,12.0,216,0.36343320162586495,0.6345583695517866,4.361198419510379,21.805992097551893,True
EarningsConsistency,12.0,180,0.3616568259272051,0.5389332169179986,4.3398819111264615,21.699409555632307,True
Leverage,12.0,432,0.32316337832997927,0.210390315241939,3.8779605399597514,19.389802699798757,True
AdExp,12.0,276,0.3181104233841904,0.2927614291426558,3.8173250806102845,19.08662540305142,True
DelEqu,12.0,228,0.29238687194957325,0.36015114390709246,3.508642463394879,17.543212316974394,True
MomVol,3.0,288,1.1403157450452333,0.37833261133533574,3.4209472351356998,17.104736175678497,True
EntMult,12.0,156,0.28140018311189646,0.2355802583661382,3.3768021973427578,16.884010986713786,True
BetaTailRisk,12.0,120,0.2750554086946677,0.25576362654508084,3.3006649043360126,16.50332452168006,True
Mom6m,3.0,372,1.0392633600528807,0.4259791401190293,3.117790080158642,15.588950400793209,True
zerotrade1M,12.0,216,0.2554212445252667,0.1524058172857289,3.0650549343032005,15.325274671516002,True
ChInv,12.0,264,0.25000421999325817,0.45280780130368187,3.000050639919098,15.00025319959549,True
IntanEP,12.0,216,0.23172561820882645,0.2579659217285436,2.7807074185059175,13.903537092529588,True
RD,12.0,276,0.2238308888451221,0.13724074338000605,2.685970666141465,13.429853330707324,True
CompositeDebtIssuance,12.0,192,0.22134147259297987,0.5455030748438503,2.6560976711157585,13.280488355578791,True
EBM,12.0,204,0.2142194119829746,0.41782272754441924,2.570632943795695,12.853164718978475,True
Mom12m,3.0,372,0.8531742264188287,0.332703203952841,2.559522679256486,12.79761339628243,True
PayoutYield,12.0,204,0.20123207523050773,0.21033171494231906,2.414784902766093,12.073924513830464,True
DelFINL,12.0,228,0.19309085756823235,0.4590451476754806,2.317090290818788,11.58545145409394,True
hire,12.0,120,0.19186954807810455,0.2586716821264976,2.3024345769372547,11.512172884686272,False
grcapx,12.0,216,0.1885643292554927,0.34852294228874353,2.2627719510659126,11.313859755329561,True
IntanSP,12.0,216,0.18488012860567357,0.1359730695385305,2.2185615432680827,11.092807716340413,True
OrgCap,12.0,132,0.18454776479814589,0.25932738360373775,2.2145731775777504,11.072865887888751,True
ChInvIA,12.0,312,0.17880137563571052,0.2864026137626499,2.1456165076285263,10.728082538142631,True
IndMom,6.0,300,0.3127857263908301,0.2546917374466041,1.8767143583449806,9.383571791724902,True
DelCOA,12.0,228,0.14481009180896146,0.3073005559281607,1.7377211017075376,8.688605508537687,True
realestate,12.0,168,0.1350008617522643,0.16774927410542903,1.6200103410271716,8.100051705135858,True
STreversal,1.0,408,1.6089490651773635,0.7156665176478201,1.6089490651773635,8.044745325886817,True
DelLTI,12.0,228,0.12498040010185155,0.38993002920331166,1.4997648012222187,7.498824006111093,True
PctAcc,12.0,156,0.11979380274932488,0.2818043624265626,1.4375256329918986,7.187628164959492,True
roaq,1.0,168,1.2912829355289293,0.7818289812959663,1.2912829355289293,6.456414677644646,True
ChTax,3.0,156,0.4255135064152096,0.7627265778414801,1.2765405192456287,6.382702596228143,True
ChForecastAccrual,12.0,240,0.10201003912306725,0.27212338601815395,1.2241204694768069,6.120602347384034,False
High52,6.0,240,0.20295159074032793,0.14396217047824517,1.2177095444419677,6.088547722209838,True
Accruals,12.0,336,0.09953759198926482,0.18668210750187392,1.1944511038711778,5.972255519355889,True
DelCOL,12.0,228,0.09909331005550315,0.19555180038348371,1.1891197206660378,5.945598603330189,True
NetDebtPrice,12.0,204,0.09617751198467786,0.06438633731100032,1.1541301438161344,5.770650719080672,True
OScore,1.0,312,1.1061040984573867,0.57314664195962,1.1061040984573867,5.530520492286933,True
ShortInterest,1.0,276,0.9829098943035568,0.8294872280887173,0.9829098943035568,4.914549471517784,True
RIO_Volatility,1.0,228,0.9247045291785074,0.72568071698176,0.9247045291785074,4.623522645892537,True
DelBreadth,3.0,264,0.2988572076359689,0.30023001713281305,0.8965716229079067,4.482858114539534,True
Investment,12.0,240,0.07432682249641981,0.09399156259947077,0.8919218699570377,4.459609349785188,True
Mom12mOffSeason,1.0,192,0.8800918325834889,0.3510811164442863,0.8800918325834889,4.4004591629174445,True
ChNWC,12.0,192,0.07237608572175169,0.2537953162943588,0.8685130286610203,4.342565143305102,True
DivOmit,1.0,347,0.8525561425240498,0.5484377209216367,0.8525561425240498,4.262780712620248,True
SmileSlope,1.0,133,0.8514126948882719,1.5504624951516501,0.8514126948882719,4.257063474441359,False
FirmAgeMom,1.0,216,0.8432898810591131,0.5994898789737628,0.8432898810591131,4.216449405295565,True
AnnouncementReturn,1.0,336,0.7998486989941243,1.3520015729872914,0.7998486989941243,3.9992434949706213,True
ExchSwitch,1.0,348,0.7736962780864872,0.7012372829937802,0.7736962780864872,3.8684813904324358,True
AgeIPO,1.0,396,0.7624571627173602,0.4778273803863553,0.7624571627173602,3.8122858135868007,True
CitationsRD,12.0,132,0.06193654272210553,0.09007863674257274,0.7432385126652664,3.7161925633263317,False
RDIPO,1.0,216,0.6988447543508298,0.678566834872051,0.6988447543508298,3.494223771754149,True
dCPVolSpread,1.0,97,0.6838453024111171,1.2003227098778082,0.6838453024111171,3.419226512055585,False
EarningsStreak,1.0,144,0.6818815623458891,1.234796101197341,0.6818815623458891,3.4094078117294457,True
IntMom,1.0,144,0.6754164563153027,0.3042372948554234,0.6754164563153027,3.3770822815765134,True
grcapx3y,12.0,216,0.05482959416750662,0.09073571157502473,0.6579551300100794,3.289775650050397,True
ShareVol,12.0,312,0.05429448113051063,0.05620767716899994,0.6515337735661275,3.2576688678306374,True
FEPS,1.0,216,0.6445276782960142,0.41175518857355453,0.6445276782960142,3.222638391480071,False
DivYieldST,1.0,540,0.631186132133053,1.4331937794739131,0.631186132133053,3.155930660665265,True
ExclExp,12.0,252,0.050895838476534394,0.12287356869688945,0.6107500617184127,3.0537503085920634,False
PS,1.0,288,0.5949707941048266,0.23562315147578294,0.5949707941048266,2.9748539705241326,True
dVolCall,1.0,97,0.5942878829652455,0.8472896242502529,0.5942878829652455,2.9714394148262273,False
IndRetBig,1.0,204,0.590499477977351,0.5653337016044822,0.590499477977351,2.952497389886755,True
Size,12.0,516,0.047993984375506664,0.050982290414450473,0.5759278125060799,2.8796390625303996,True
MS,1.0,228,0.5487053426323113,0.6150585244523596,0.5487053426323113,2.743526713161556,True
REV6,1.0,336,0.5464493015253221,0.5939502090905514,0.5464493015253221,2.7322465076266105,False
ChAssetTurnover,12.0,192,0.045462265294413794,0.12769284115933144,0.5455471835329655,2.7277359176648273,True
AnalystRevision,1.0,480,0.5348684330241866,1.0549042050973123,0.5348684330241866,2.674342165120933,False
MomOffSeason06YrPlus,1.0,192,0.5309497336969623,0.519178538848441,0.5309497336969623,2.654748668484811,True
Illiquidity,12.0,264,0.042990231625354425,0.07656134081661511,0.5158827795042531,2.5794138975212655,True
LRreversal,1.0,468,0.4772139298667307,0.32133470459716534,0.4772139298667307,2.3860696493336535,True
EarnSupBig,1.0,204,0.47577429815350913,0.4849075057237519,0.47577429815350913,2.3788714907675454,True
CPVolSpread,1.0,157,0.4628977091596442,0.8978683525694248,0.4628977091596442,2.3144885457982207,False
MomSeason16YrPlus,1.0,192,0.45720422243607345,0.5848334367553081,0.45720422243607345,2.286021112180367,True
Mom6mJunk,1.0,204,0.4533777237509893,0.2124368724738577,0.4533777237509893,2.266888618754946,True
IndIPO,1.0,396,0.43617999760952686,0.42864490228207397,0.43617999760952686,2.180899988047634,True
RIO_Turnover,1.0,228,0.4308242776122592,0.42798104862833297,0.4308242776122592,2.154121388061296,True
MomOffSeason,1.0,192,0.4156152022253145,0.24944418332138507,0.4156152022253145,2.0780760111265724,True
EarningsSurprise,1.0,480,0.4002542025855763,0.7706095995646163,0.4002542025855763,2.0012710129278815,True
CustomerMomentum,1.0,192,0.3936218837551029,0.3819920436298743,0.3936218837551029,1.9681094187755144,False
RIO_Disp,1.0,228,0.38971217459078167,0.4275771622363897,0.38971217459078167,1.9485608729539083,True
DolVol,1.0,312,0.3879428182350794,0.3700508398995542,0.3879428182350794,1.939714091175397,True
RevenueSurprise,1.0,216,0.37449178161991337,0.650194453979095,0.37449178161991337,1.8724589080995668,True
ProbInformedTrading,1.0,132,0.367022851807903,0.13429553642953268,0.367022851807903,1.8351142590395149,True
CompEquIss,1.0,216,0.342795347978841,0.5312047515312961,0.342795347978841,1.7139767398942047,True
ForecastDispersion,1.0,264,0.3313305647822104,0.2785065791417478,0.3313305647822104,1.6566528239110518,False
Price,1.0,612,0.3285472199342002,0.15703977948699266,0.3285472199342002,1.642736099671001,True
ResidualMomentum,1.0,156,0.32618642936802017,0.3557101232752324,0.32618642936802017,1.6309321468401008,True
retConglomerate,1.0,144,0.30258795388285503,0.31212874605762897,0.30258795388285503,1.512939769414275,True
MeanRankRevGrowth,12.0,360,0.024920420827150645,0.044913113545289186,0.2990450499258077,1.4952252496290386,True
DelNetFin,12.0,228,0.024900394348770335,0.054148191630198204,0.298804732185244,1.4940236609262199,True
IntanCFP,1.0,216,0.2985384596959284,0.2672343021468617,0.2985384596959284,1.492692298479642,True
ConvDebt,1.0,96,0.2978915773937159,0.5133935731370189,0.2978915773937159,1.4894578869685795,True
CoskewACX,1.0,216,0.28252537993147514,0.2709832500952575,0.28252537993147514,1.4126268996573756,True
ReturnSkew,1.0,108,0.27846009170223196,0.42800554036523963,0.27846009170223196,1.3923004585111598,True
IdioVol3F,1.0,216,0.2685236517450608,0.16304176993517602,0.2685236517450608,1.342618258725304,True
Coskewness,1.0,288,0.26791392585343615,0.3468796636380641,0.26791392585343615,1.3395696292671806,True
DivInit,1.0,348,0.26384050798384623,0.25199794140541554,0.26384050798384623,1.319202539919231,True
zerotrade6M,1.0,216,0.26291223140435577,0.1446017388422185,0.26291223140435577,1.3145611570217788,True
Beta,1.0,612,0.2626577816389895,0.12596840030094342,0.2626577816389895,1.3132889081949475,True
DelDRC,1.0,132,0.23157636225194153,0.373525229366814,0.23157636225194153,1.1578818112597076,True
dVolPut,1.0,97,0.2274256122908142,0.34062926564628154,0.2274256122908142,1.1371280614540709,False
MomOffSeason16YrPlus,1.0,192,0.22082803185815114,0.25763959366401457,0.22082803185815114,1.1041401592907556,True
MomRev,3.0,216,0.07336397225566618,0.03938004782549587,0.22009191676699855,1.1004595838349926,True
InvestPPEInv,1.0,192,0.21722680011758766,0.49255308237329437,0.21722680011758766,1.0861340005879383,True
ReturnSkew3F,1.0,108,0.2131511074199631,0.3993909989479827,0.2131511074199631,1.0657555370998155,True
RDAbility,1.0,132,0.2125948308822641,0.23548115452211912,0.2125948308822641,1.0629741544113205,True
EP,1.0,564,0.20344147850339298,0.2448270059956361,0.20344147850339298,1.017207392516965,True
betaVIX,1.0,216,0.20278584534403798,0.2084371392934059,0.20278584534403798,1.0139292267201898,True
CashProd,1.0,180,0.2025033662409335,0.2000135785671947,0.2025033662409335,1.0125168312046675,True
TotalAccruals,12.0,228,0.016780883367633483,0.023379796721113188,0.2013706004116018,1.0068530020580089,True
dNoa,1.0,240,0.20082617787550067,0.3733135397410343,0.20082617787550067,1.0041308893775032,True
MaxRet,1.0,156,0.19944457987192316,0.10508268324064438,0.19944457987192316,0.9972228993596157,True
zerotrade12M,1.0,216,0.18174304714220416,0.1018918806205417,0.18174304714220416,0.9087152357110208,True
skew1,1.0,145,0.18128765196182883,0.34418208445446885,0.18128765196182883,0.9064382598091442,False
TrendFactor,1.0,96,0.18124611974099025,0.16826024959869648,0.18124611974099025,0.9062305987049513,True
MomSeason11YrPlus,1.0,192,0.1611407314089829,0.20284962792504183,0.1611407314089829,0.8057036570449145,True
RIVolSpread,1.0,157,0.15765646838479996,0.15607260218360722,0.15765646838479996,0.7882823419239998,False
EarningsForecastDisparity,1.0,156,0.15290888706760974,0.19866351840326205,0.15290888706760974,0.7645444353380487,False
MomSeasonShort,1.0,192,0.12004061941000736,0.09783078335408277,0.12004061941000736,0.6002030970500368,True
GrAdExp,1.0,120,0.11041554345181087,0.16545247186883572,0.11041554345181087,0.5520777172590543,True
ChNAnalyst,1.0,192,0.10962672072379644,0.13124843730464314,0.10962672072379644,0.5481336036189821,False
OptionVolume1,1.0,129,0.0965688816543934,0.12111337255494108,0.0965688816543934,0.48284440827196695,False
IntanBM,1.0,216,0.09521593987151272,0.08478617391149301,0.09521593987151272,0.4760796993575636,True
DivSeason,1.0,132,0.09087123848341866,0.6361920104840655,0.09087123848341866,0.4543561924170933,True
EquityDuration,12.0,240,0.007509308604052093,0.007551796851984578,0.09011170324862512,0.4505585162431256,True
DebtIssuance,1.0,300,0.08756262545394203,0.1696856147833504,0.08756262545394203,0.4378131272697101,True
RIO_MB,1.0,228,0.08089151690279793,0.09967339372432789,0.08089151690279793,0.4044575845139896,True
MomSeason06YrPlus,1.0,192,0.07971576956964095,0.07597798589420231,0.07971576956964095,0.39857884784820474,True
iomom_supp,1.0,168,0.05348360290443927,0.05678494095103424,0.05348360290443927,0.2674180145221963,False
RealizedVol,1.0,216,0.050222662051105704,0.024822130332228857,0.050222662051105704,0.2511133102555285,True
iomom_cust,1.0,168,0.049067233523726383,0.050475286876038854,0.049067233523726383,0.24533616761863192,False
MomOffSeason11YrPlus,1.0,192,0.04322441520103972,0.0523377817311337,0.04322441520103972,0.2161220760051986,True
NOA,1.0,240,0.017997053894066674,0.017842694840440817,0.017997053894066674,0.08998526947033336,True
AOP,12.0,312,0.001084451708397196,0.0014419783169199074,0.013013420500766353,0.06506710250383176,False
VolSD,1.0,276,0.008500878461105662,0.007409486156677259,0.008500878461105662,0.042504392305528306,True
BidAskSpread,1.0,456,0.00506560537846524,0.002181601992819923,0.00506560537846524,0.0253280268923262,True
fgr5yrLag,3.0,336,-0.0005117376416024367,-0.0003206634577800433,-0.0015352129248073102,-0.0076760646240365505,False
SurpriseRD,1.0,240,-0.026660059911188243,-0.059002564874722836,-0.026660059911188243,-0.1333002995559412,True
std_turn,1.0,276,-0.0343225573656783,-0.015214362656670751,-0.0343225573656783,-0.17161278682839148,True
MomSeason,1.0,192,-0.06357680263619599,-0.04989093535853351,-0.06357680263619599,-0.3178840131809799,True
sinAlgo,1.0,180,-0.07649074343294102,-0.08290115548982584,-0.07649074343294102,-0.38245371716470505,False
BetaLiquidityPS,12.0,252,-0.006675714350313048,-0.006726981871238551,-0.08010857220375657,-0.40054286101878284,True
tang,1.0,180,-0.10251582666558484,-0.081682213181741,-0.10251582666558484,-0.5125791333279242,True
Cash,1.0,144,-0.12558129075447577,-0.07068264995236637,-0.12558129075447577,-0.6279064537723789,True
OptionVolume2,1.0,129,-0.1905061535287833,-0.4260891591744349,-0.1905061535287833,-0.9525307676439165,False
Herf,1.0,216,-0.3101278323149891,-0.40135040126367666,-0.3101278323149891,-1.5506391615749453,False
GrSaleToGrInv,12.0,312,-0.02674187465027341,-0.06152647136396409,-0.3209024958032809,-1.6045124790164045,True
HerfBE,1.0,216,-0.3384157710960924,-0.4438047671317023,-0.3384157710960924,-1.6920788554804618,False
BookLeverage,12.0,384,-0.02854455688094157,-0.02177356271081132,-0.3425346825712988,-1.712673412856494,True
OPLeverage,12.0,156,-0.029287105957336326,-0.032867419733867795,-0.3514452714880359,-1.7572263574401794,True
HerfAsset,1.0,216,-0.3791548796239124,-0.48138356195600596,-0.3791548796239124,-1.895774398119562,False
BPEBM,12.0,204,-0.03229724216524538,-0.0589386981231067,-0.3875669059829445,-1.9378345299147226,True
Governance,1.0,38,-0.5385579978690395,-0.9706851661798418,-0.5385579978690395,-2.692789989345197,False
GrLTNOA,12.0,252,-0.046992879645877755,-0.11488080255678979,-0.5639145557505331,-2.819572778752665,True
VarCF,12.0,336,-0.05827498524390219,-0.03290303691188729,-0.6992998229268264,-3.4964991146341315,True
ChNNCOA,12.0,192,-0.08816808406649157,-0.2212376013314785,-1.0580170087978988,-5.290085043989494,True
RDS,12.0,156,-0.103338828504811,-0.18285604742706726,-1.240065942057732,-6.20032971028866,True
AbnormalAccruals,12.0,276,-0.12792889754196307,-0.17449135118137038,-1.5351467705035569,-7.675733852517784,True
GrSaleToGrOverhead,12.0,312,-0.1298611824986775,-0.2308774085853064,-1.55833418998413,-7.7916709499206505,True
RDcap,12.0,156,-0.19254405015381137,-0.1642050492327644,-2.3105286018457365,-11.552643009228682,True
PriceDelayRsq,12.0,224,-0.25282966764084086,-0.24405535379272542,-3.0339560116900905,-15.169780058450453,True
OrderBacklog,12.0,252,-0.29681739229171006,-0.4361213673597758,-3.5618087075005205,-17.8090435375026,True
BrandInvest,12.0,120,-0.42996135677780817,-0.2882679305972634,-5.159536281333698,-25.797681406668488,True
FR,12.0,216,-0.444335098843644,-0.354574404815348,-5.332021186123728,-26.660105930618638,True
PatentsRD,12.0,48,-5.224885000648185,-0.998818332916914,-62.69862000777822,-313.49310003889104,False
