symbol,bound,year,n_excursions,mean_duration_hours,median_duration_hours,mean_abs_entry_rho
BTCUSDT,high_tier,2019,11,17.272727272727273,4.0,8.668004337952562
BTCUSDT,high_tier,2020,26,103.84615384615384,68.5,2.7463917891940874
BTCUSDT,high_tier,2021,18,168.5,53.0,2.3453708292214253
BTCUSDT,high_tier,2022,2,402.5,402.5,3.4475851843215173
BTCUSDT,high_tier,2023,3,243.0,297.0,8.460743462272134
BTCUSDT,high_tier,2024,5,274.8,138.0,2.611077314051875
BTCUSDT,high_tier,2025,1,6162.0,6162.0,1.9168900591242022
BTCUSDT,retail_taker,2019,3,1.3333333333333333,1.0,26.248373610522254
BTCUSDT,retail_taker,2020,11,63.09090909090909,28.0,4.819648735245115
BTCUSDT,retail_taker,2021,6,160.5,24.0,4.096669461205946
BTCUSDT,retail_taker,2022,2,402.5,402.5,3.4475851843215173
BTCUSDT,retail_taker,2023,1,422.0,422.0,20.725150952157964
ETHUSDT,high_tier,2019,4,20.75,6.0,13.677419758173217
ETHUSDT,high_tier,2020,36,97.25,19.0,3.0289953732746167
ETHUSDT,high_tier,2021,34,91.61764705882354,36.0,2.6960770172404334
ETHUSDT,high_tier,2022,7,148.14285714285714,36.0,3.783752093195853
ETHUSDT,high_tier,2023,5,181.2,91.0,7.5370729526506155
ETHUSDT,high_tier,2024,4,320.75,294.0,4.360009978392063
ETHUSDT,high_tier,2025,1,1198.0,1198.0,1.9223113420695503
ETHUSDT,retail_taker,2019,3,27.0,8.0,49.87444682662937
ETHUSDT,retail_taker,2020,13,103.3076923076923,10.0,5.271152129606358
ETHUSDT,retail_taker,2021,12,161.25,153.0,5.545996039455769
ETHUSDT,retail_taker,2022,2,14.5,14.5,7.982384298704417
ETHUSDT,retail_taker,2023,1,485.0,485.0,28.335741065594043
ETHUSDT,retail_taker,2024,1,24.0,24.0,11.00251298175334
BNBUSDT,high_tier,2020,176,24.414772727272727,13.5,2.5380452882461992
BNBUSDT,high_tier,2021,176,23.25,7.0,2.918445283786143
BNBUSDT,high_tier,2022,28,48.357142857142854,35.0,2.231434523036321
BNBUSDT,high_tier,2023,42,34.785714285714285,21.5,2.6248483841774766
BNBUSDT,high_tier,2024,27,83.70370370370371,37.0,2.4792156943805064
BNBUSDT,high_tier,2025,13,22.53846153846154,4.0,2.3641871859671135
BNBUSDT,retail_taker,2020,80,20.3,12.0,4.716113178474693
BNBUSDT,retail_taker,2021,73,21.328767123287673,9.0,4.780292345169526
BNBUSDT,retail_taker,2022,7,25.0,8.0,4.426412549579186
BNBUSDT,retail_taker,2023,14,35.92857142857143,32.0,5.032823473919329
BNBUSDT,retail_taker,2024,6,55.166666666666664,38.5,6.943611416342765
BNBUSDT,retail_taker,2025,1,1.0,1.0,3.7331269921922736
DOGEUSDT,high_tier,2020,362,6.245856353591161,3.0,2.5060712856935985
DOGEUSDT,high_tier,2021,213,20.27699530516432,4.0,3.2640342803225946
DOGEUSDT,high_tier,2022,46,11.347826086956522,5.0,2.1411861398671026
DOGEUSDT,high_tier,2023,3,193.33333333333334,81.0,7.55457961856634
DOGEUSDT,high_tier,2024,7,182.42857142857142,44.0,3.054033492221915
DOGEUSDT,high_tier,2025,3,947.3333333333334,84.0,3.8117955525148894
DOGEUSDT,retail_taker,2020,76,12.0,5.0,4.087855904542432
DOGEUSDT,retail_taker,2021,107,16.364485981308412,4.0,5.5563895618495165
DOGEUSDT,retail_taker,2022,2,8.0,8.0,5.138826217065754
DOGEUSDT,retail_taker,2023,1,81.0,81.0,18.810361152441693
DOGEUSDT,retail_taker,2024,3,9.666666666666666,6.0,5.28034549507812
DOGEUSDT,retail_taker,2025,2,1379.0,1379.0,4.8085825575248
ADAUSDT,high_tier,2020,149,25.845637583892618,8.0,2.364634696586246
ADAUSDT,high_tier,2021,77,47.09090909090909,12.0,2.8503013915184083
ADAUSDT,high_tier,2022,74,13.554054054054054,6.0,2.017422526345978
ADAUSDT,high_tier,2023,17,42.11764705882353,16.0,2.7947736574460476
ADAUSDT,high_tier,2024,6,115.33333333333333,85.5,2.809295022014201
ADAUSDT,high_tier,2025,3,451.0,433.0,2.3193155743970104
ADAUSDT,high_tier,2026-partial,63,11.761904761904763,8.0,1.9811179448763316
ADAUSDT,retail_taker,2020,38,44.0,20.0,5.08505042090858
ADAUSDT,retail_taker,2021,29,46.310344827586206,19.0,5.060581379988677
ADAUSDT,retail_taker,2022,1,23.0,23.0,3.578431372549007
ADAUSDT,retail_taker,2023,1,12.0,12.0,14.677464395420497
ADAUSDT,retail_taker,2024,1,6.0,6.0,6.704081632653142
SOLUSDT,high_tier,2020,295,5.688135593220339,3.0,2.657813868284504
SOLUSDT,high_tier,2021,214,17.53271028037383,5.0,3.3260486165379843
SOLUSDT,high_tier,2022,40,24.7,18.0,2.676669208835386
SOLUSDT,high_tier,2023,32,32.25,16.0,2.732801626127518
SOLUSDT,high_tier,2024,3,477.3333333333333,130.0,1.8925042374924221
SOLUSDT,high_tier,2025,2,2095.5,2095.5,8.79037074796317
SOLUSDT,retail_taker,2020,119,8.403361344537815,5.0,4.087489369364553
SOLUSDT,retail_taker,2021,80,23.2,6.5,6.131041931733067
SOLUSDT,retail_taker,2022,19,17.42105263157895,8.0,4.302693063647332
SOLUSDT,retail_taker,2023,3,40.666666666666664,44.0,9.424098845487626
SOLUSDT,retail_taker,2024,2,539.5,539.5,5.129046377528924
SOLUSDT,retail_taker,2025,1,3676.0,3676.0,15.560828526481084
XRPUSDT,high_tier,2020,146,25.856164383561644,9.0,2.759344931851545
XRPUSDT,high_tier,2021,59,64.71186440677967,19.0,3.614898442737153
XRPUSDT,high_tier,2022,15,77.13333333333334,80.0,2.4295599265424923
XRPUSDT,high_tier,2023,9,84.66666666666667,23.0,3.9434636909354137
XRPUSDT,high_tier,2024,6,229.33333333333334,81.5,2.441682446551747
XRPUSDT,high_tier,2025,2,11.0,11.0,2.5324118406593747
XRPUSDT,high_tier,2026-partial,1,4672.0,4672.0,1.9182257725456808
XRPUSDT,retail_taker,2020,46,25.73913043478261,7.0,5.213268726973515
XRPUSDT,retail_taker,2021,21,78.61904761904762,23.0,7.723068870417633
XRPUSDT,retail_taker,2022,4,30.75,27.0,4.355615052811924
XRPUSDT,retail_taker,2023,1,20.0,20.0,18.946432803982017
XRPUSDT,retail_taker,2024,1,3.0,3.0,4.234338747099854
ZECUSDT,high_tier,2020,189,22.465608465608465,9.0,2.3613036245033574
ZECUSDT,high_tier,2021,61,73.39344262295081,19.0,3.3177988130681695
ZECUSDT,high_tier,2022,627,4.851674641148326,3.0,2.342729551013978
ZECUSDT,high_tier,2023,861,4.087108013937282,2.0,2.380520542017434
ZECUSDT,high_tier,2024,240,15.858333333333333,6.0,2.193123742127865
ZECUSDT,high_tier,2025,268,17.80597014925373,10.0,2.27910650746579
ZECUSDT,high_tier,2026-partial,9,219.11111111111111,59.0,2.6056773197686627
ZECUSDT,retail_taker,2020,35,39.77142857142857,8.0,4.395751393314102
ZECUSDT,retail_taker,2021,13,126.84615384615384,68.0,9.63478521117479
ZECUSDT,retail_taker,2022,65,5.276923076923077,4.0,3.79155639917976
ZECUSDT,retail_taker,2023,81,3.049382716049383,2.0,3.848900944932153
ZECUSDT,retail_taker,2024,21,31.142857142857142,14.0,4.334957954994418
ZECUSDT,retail_taker,2025,61,23.901639344262296,11.0,3.8820513280351263
ZECUSDT,retail_taker,2026-partial,2,22.0,22.0,3.877298938271495
LINKUSDT,high_tier,2020,230,18.88695652173913,6.0,2.7447342353507267
LINKUSDT,high_tier,2021,31,126.58064516129032,73.0,4.041554277978839
LINKUSDT,high_tier,2022,121,8.867768595041323,4.0,2.1852067269352755
LINKUSDT,high_tier,2023,7,112.57142857142857,84.0,4.433758214353558
LINKUSDT,high_tier,2024,15,118.46666666666667,24.0,1.9139642590780008
LINKUSDT,high_tier,2025,9,20.444444444444443,12.0,2.385274613253238
LINKUSDT,high_tier,2026-partial,57,5.157894736842105,3.0,1.9119637465559574
LINKUSDT,retail_taker,2020,97,18.22680412371134,8.0,4.774193913696743
LINKUSDT,retail_taker,2021,9,187.22222222222223,30.0,9.813335683588114
LINKUSDT,retail_taker,2022,3,4.666666666666667,3.0,3.5532734287506256
LINKUSDT,retail_taker,2023,2,73.5,73.5,10.061042247957896
LINKUSDT,retail_taker,2024,1,5.0,5.0,11.110708461678158
LINKUSDT,retail_taker,2025,1,58.0,58.0,6.06630130458102
UNIUSDT,high_tier,2020,59,24.83050847457627,6.0,3.4889941262632735
UNIUSDT,high_tier,2021,94,42.45744680851064,9.0,2.6420426047860004
UNIUSDT,high_tier,2022,576,4.204861111111111,3.0,2.2360767793353498
UNIUSDT,high_tier,2023,24,51.166666666666664,30.0,2.8913023794758046
UNIUSDT,high_tier,2024,11,131.36363636363637,67.0,2.032933895521897
UNIUSDT,high_tier,2025,2,357.5,357.5,1.899049272939977
UNIUSDT,high_tier,2026-partial,3,39.666666666666664,34.0,1.82707603778698
UNIUSDT,retail_taker,2020,21,21.19047619047619,6.0,6.85932058730211
UNIUSDT,retail_taker,2021,16,108.5625,96.5,6.7070668558153015
UNIUSDT,retail_taker,2022,27,4.185185185185185,3.0,3.8308092336838366
UNIUSDT,retail_taker,2023,3,20.0,24.0,8.509624460086252
UNIUSDT,retail_taker,2025,1,491.0,491.0,3.4135781087632777
NEARUSDT,high_tier,2020,120,7.075,3.0,2.686920250359803
NEARUSDT,high_tier,2021,247,23.06477732793522,5.0,2.708888758562358
NEARUSDT,high_tier,2022,70,26.014285714285716,7.5,2.1886405731788647
NEARUSDT,high_tier,2023,323,7.356037151702786,4.0,2.1621576028163583
NEARUSDT,high_tier,2024,12,114.66666666666667,61.0,2.164756396774108
NEARUSDT,high_tier,2025,43,15.348837209302326,10.0,2.067545832264773
NEARUSDT,high_tier,2026-partial,180,5.7444444444444445,4.0,2.0894985214704525
NEARUSDT,retail_taker,2020,46,10.326086956521738,7.0,4.093610114318854
NEARUSDT,retail_taker,2021,64,42.125,15.0,5.06282885844678
NEARUSDT,retail_taker,2022,8,56.625,32.0,5.415385832088352
NEARUSDT,retail_taker,2023,11,11.090909090909092,4.0,5.86279383222246
NEARUSDT,retail_taker,2024,2,6.0,6.0,9.242835581856223
NEARUSDT,retail_taker,2026-partial,2,10.0,10.0,3.350833213030182
AVAXUSDT,high_tier,2020,208,7.2548076923076925,3.0,2.551552692661406
AVAXUSDT,high_tier,2021,298,16.92281879194631,5.0,3.0888979397959977
AVAXUSDT,high_tier,2022,100,19.59,11.0,2.0667455199246327
AVAXUSDT,high_tier,2023,71,18.760563380281692,11.0,2.1812737933727075
AVAXUSDT,high_tier,2024,6,215.66666666666666,14.5,3.414547217309718
AVAXUSDT,high_tier,2025,22,25.545454545454547,11.5,2.0163311912691233
AVAXUSDT,high_tier,2026-partial,49,9.938775510204081,7.0,1.9672219610683643
AVAXUSDT,retail_taker,2020,69,13.46376811594203,7.0,4.061063528842692
AVAXUSDT,retail_taker,2021,105,23.914285714285715,8.0,5.562895556961926
AVAXUSDT,retail_taker,2022,6,19.166666666666668,15.5,4.804485880835421
AVAXUSDT,retail_taker,2023,2,11.0,11.0,8.299707434125581
AVAXUSDT,retail_taker,2024,2,390.0,390.0,7.02331961144197
AVAXUSDT,retail_taker,2025,1,64.0,64.0,3.8256987577640356
AAVEUSDT,high_tier,2020,167,7.137724550898204,3.0,2.858740587248018
AAVEUSDT,high_tier,2021,195,23.338461538461537,9.0,2.9023106758494093
AAVEUSDT,high_tier,2022,397,6.110831234256927,4.0,2.139804043296106
AAVEUSDT,high_tier,2023,191,7.570680628272251,3.0,2.115903909215069
AAVEUSDT,high_tier,2024,24,92.875,43.5,2.067351737084229
AAVEUSDT,high_tier,2025,1,146.0,146.0,3.076679053747963
AAVEUSDT,retail_taker,2020,64,10.375,6.0,4.774670288991919
AAVEUSDT,retail_taker,2021,68,28.647058823529413,10.5,5.556327588289248
AAVEUSDT,retail_taker,2022,10,9.8,4.0,3.6183607176781747
AAVEUSDT,retail_taker,2023,8,4.0,3.5,5.950639902914464
AAVEUSDT,retail_taker,2024,1,3.0,3.0,3.3155026241417653
FILUSDT,high_tier,2020,60,20.766666666666666,10.5,7.988288272997126
FILUSDT,high_tier,2021,79,46.949367088607595,14.0,3.5323346187243305
FILUSDT,high_tier,2022,447,4.648769574944072,2.0,2.2583391377411046
FILUSDT,high_tier,2023,21,69.23809523809524,38.0,3.47106281326664
FILUSDT,high_tier,2024,9,195.11111111111111,90.0,3.0834219503880806
FILUSDT,high_tier,2025,75,9.946666666666667,6.0,2.3308608853080823
FILUSDT,high_tier,2026-partial,370,6.235135135135135,4.0,2.4304397263435535
FILUSDT,retail_taker,2020,27,28.555555555555557,11.0,15.956283947401586
FILUSDT,retail_taker,2021,34,42.0,24.5,6.634382487763248
FILUSDT,retail_taker,2022,17,12.411764705882353,6.0,3.748849255640999
FILUSDT,retail_taker,2023,3,58.666666666666664,29.0,11.406055473384123
FILUSDT,retail_taker,2024,2,467.0,467.0,7.895338500900451
FILUSDT,retail_taker,2025,4,16.5,20.0,6.597607678879651
FILUSDT,retail_taker,2026-partial,21,8.238095238095237,5.0,3.6324878908746827
BCHUSDT,high_tier,2019,7,8.142857142857142,2.0,3.5781301709245885
BCHUSDT,high_tier,2020,59,67.50847457627118,16.0,2.9023075567479855
BCHUSDT,high_tier,2021,46,69.23913043478261,32.0,3.0743826813137516
BCHUSDT,high_tier,2022,127,22.874015748031496,13.0,2.045924083515488
BCHUSDT,high_tier,2023,102,28.568627450980394,12.0,2.0760549785602183
BCHUSDT,high_tier,2024,25,157.92,46.0,2.002037866199992
BCHUSDT,high_tier,2025,3,1769.3333333333333,2466.0,2.087727549801779
BCHUSDT,high_tier,2026-partial,4,656.5,176.5,2.156814336379458
BCHUSDT,retail_taker,2019,2,2.0,2.0,6.481053331197296
BCHUSDT,retail_taker,2020,18,83.38888888888889,8.0,6.0101341472969265
BCHUSDT,retail_taker,2021,13,52.30769230769231,31.0,6.7730952727481855
BCHUSDT,retail_taker,2022,6,46.5,38.5,3.5731087057962725
BCHUSDT,retail_taker,2023,10,56.9,46.0,5.91138034496617
BCHUSDT,retail_taker,2024,1,9.0,9.0,6.459032453051354
BCHUSDT,retail_taker,2025,1,1517.0,1517.0,3.36333440480042
TRXUSDT,high_tier,2020,297,11.676767676767676,3.0,2.343338471690509
TRXUSDT,high_tier,2021,55,55.4,18.0,4.448600121733402
TRXUSDT,high_tier,2022,20,201.55,102.0,2.323849109328415
TRXUSDT,high_tier,2023,24,75.45833333333333,34.5,2.871280301715624
TRXUSDT,high_tier,2024,69,14.46376811594203,6.0,2.184699683267257
TRXUSDT,high_tier,2025,12,40.166666666666664,23.0,2.140885959792624
TRXUSDT,high_tier,2026-partial,8,236.5,188.0,2.149830995745388
TRXUSDT,retail_taker,2020,42,31.047619047619047,11.5,4.389248632568363
TRXUSDT,retail_taker,2021,20,74.15,18.0,9.534032714134405
TRXUSDT,retail_taker,2022,7,249.42857142857142,59.0,4.088759769524345
TRXUSDT,retail_taker,2023,5,28.4,17.0,6.465746615765704
TRXUSDT,retail_taker,2024,4,2.25,2.0,5.908832438014062
TRXUSDT,retail_taker,2025,3,56.0,47.0,4.159025632202535
TRXUSDT,retail_taker,2026-partial,2,305.0,305.0,3.5092687690168107
LTCUSDT,high_tier,2020,74,49.851351351351354,21.5,2.485266841557645
LTCUSDT,high_tier,2021,45,75.46666666666667,24.0,3.321925186436286
LTCUSDT,high_tier,2022,129,8.449612403100776,4.0,2.1009520950308915
LTCUSDT,high_tier,2023,4,60.0,36.5,7.1606272294336115
LTCUSDT,high_tier,2024,4,380.75,69.5,2.7569417714509274
LTCUSDT,high_tier,2025,1,1471.0,1471.0,2.9577464788729193
LTCUSDT,retail_taker,2020,16,84.6875,11.0,5.360170195571967
LTCUSDT,retail_taker,2021,11,109.9090909090909,10.0,8.55187797728076
LTCUSDT,retail_taker,2022,3,9.0,2.0,3.4788665441265247
LTCUSDT,retail_taker,2023,1,164.0,164.0,22.64761481151986
LTCUSDT,retail_taker,2024,1,12.0,12.0,5.43925631564024
XMRUSDT,high_tier,2020,191,19.209424083769633,6.0,2.4443936669923305
XMRUSDT,high_tier,2021,122,39.97540983606557,15.5,2.275178647941893
XMRUSDT,high_tier,2022,150,30.35333333333333,13.5,2.1119305149230665
XMRUSDT,high_tier,2023,89,23.179775280898877,14.0,2.105610515449986
XMRUSDT,high_tier,2024-partial,31,9.64516129032258,5.0,2.5672261547959465
XMRUSDT,retail_taker,2020,43,45.48837209302326,10.0,4.530512226862122
XMRUSDT,retail_taker,2021,21,86.95238095238095,55.0,4.632750393560942
XMRUSDT,retail_taker,2022,15,66.46666666666667,19.0,3.7726390682381217
XMRUSDT,retail_taker,2023,2,1.5,1.5,7.2662528177859205
XMRUSDT,retail_taker,2024-partial,8,6.125,5.5,4.505854018419502
XLMUSDT,high_tier,2020,168,25.446428571428573,9.0,2.3545462819300362
XLMUSDT,high_tier,2021,61,72.93442622950819,15.0,9.305100866404555
XLMUSDT,high_tier,2022,205,14.682926829268293,7.0,2.02091887487162
XLMUSDT,high_tier,2023,221,9.212669683257918,4.0,2.080022405311659
XLMUSDT,high_tier,2024,134,17.48507462686567,7.5,2.0047474586591214
XLMUSDT,high_tier,2025,7,425.14285714285717,199.0,1.965648661882991
XLMUSDT,high_tier,2026-partial,15,76.06666666666666,36.0,1.8867369959684235
XLMUSDT,retail_taker,2020,40,44.125,17.0,4.426912766855489
XLMUSDT,retail_taker,2021,23,87.91304347826087,41.0,22.470463516594478
XLMUSDT,retail_taker,2022,6,13.5,8.0,3.800331249131107
XLMUSDT,retail_taker,2023,6,5.166666666666667,2.5,4.720088032744251
XLMUSDT,retail_taker,2024,3,12.666666666666666,11.0,5.241759260690549
DOTUSDT,high_tier,2020,32,32.53125,11.5,2.414092095515935
DOTUSDT,high_tier,2021,54,76.20370370370371,17.5,3.6966367526897264
DOTUSDT,high_tier,2022,418,7.657894736842105,4.0,2.173509080002441
DOTUSDT,high_tier,2023,15,91.8,63.0,3.2767947517638407
DOTUSDT,high_tier,2024,12,97.91666666666667,87.5,2.40644438300627
DOTUSDT,high_tier,2025,23,24.82608695652174,7.0,2.2158079010937817
DOTUSDT,high_tier,2026-partial,271,6.446494464944649,4.0,2.2792951365887273
DOTUSDT,retail_taker,2020,8,59.0,65.0,3.875898373311002
DOTUSDT,retail_taker,2021,20,89.6,17.0,7.790239269422026
DOTUSDT,retail_taker,2022,14,11.785714285714286,5.5,3.960081726904992
DOTUSDT,retail_taker,2023,3,68.33333333333333,81.0,7.850208660335593
DOTUSDT,retail_taker,2024,2,3.5,3.5,5.086650437624396
DOTUSDT,retail_taker,2025,1,66.0,66.0,8.821366024518406
DOTUSDT,retail_taker,2026-partial,5,30.2,32.0,3.7744619538697086
CRVUSDT,high_tier,2020,546,3.565934065934066,2.0,3.286890665284227
CRVUSDT,high_tier,2021,473,9.716701902748415,4.0,2.9464974285948635
CRVUSDT,high_tier,2022,727,6.614855570839064,3.0,2.578079496354438
CRVUSDT,high_tier,2023,794,4.288413098236775,2.0,2.5095963913841994
CRVUSDT,high_tier,2024,1536,3.5442708333333335,2.0,2.8263988830968962
CRVUSDT,high_tier,2025,717,6.336122733612274,4.0,2.5466186411435907
CRVUSDT,high_tier,2026-partial,704,5.5553977272727275,2.0,3.1398881750599803
CRVUSDT,retail_taker,2020,264,4.988636363636363,3.0,5.080286349677141
CRVUSDT,retail_taker,2021,143,13.013986013986013,6.0,5.265236483750417
CRVUSDT,retail_taker,2022,172,4.744186046511628,3.0,4.109404391214511
CRVUSDT,retail_taker,2023,163,6.699386503067485,4.0,3.9587568541732145
CRVUSDT,retail_taker,2024,559,4.2343470483005365,2.0,4.18712879105694
CRVUSDT,retail_taker,2025,207,7.101449275362318,5.0,3.7686731539660756
CRVUSDT,retail_taker,2026-partial,309,4.2459546925566345,3.0,4.634164318359404
HBARUSDT,high_tier,2021,247,16.441295546558706,4.0,2.7173145899837676
HBARUSDT,high_tier,2022,583,5.413379073756432,3.0,2.3722391855779654
HBARUSDT,high_tier,2023,767,3.8226857887874837,2.0,2.3375323440866898
HBARUSDT,high_tier,2024,398,7.9623115577889445,3.0,2.25268305061122
HBARUSDT,high_tier,2025,2,1449.0,1449.0,2.202077510009623
HBARUSDT,high_tier,2026-partial,1,2001.0,2001.0,1.8472759749924117
HBARUSDT,retail_taker,2021,62,28.870967741935484,5.0,5.162959252757604
HBARUSDT,retail_taker,2022,65,7.7846153846153845,4.0,3.904835900316139
HBARUSDT,retail_taker,2023,55,5.381818181818182,3.0,4.0973917148923364
HBARUSDT,retail_taker,2024,15,6.4,3.0,4.513720677449511
HBARUSDT,retail_taker,2025,1,2293.0,2293.0,4.420183486238739
ICPUSDT,high_tier,2022,143,4.818181818181818,2.0,2.2417378812129853
ICPUSDT,high_tier,2023,60,26.283333333333335,16.5,2.546140930422425
ICPUSDT,high_tier,2024,17,138.35294117647058,74.0,3.1996707394133885
ICPUSDT,high_tier,2025,26,41.46153846153846,19.5,2.262169673911127
ICPUSDT,high_tier,2026-partial,90,41.93333333333333,26.5,2.0266559915559266
ICPUSDT,retail_taker,2022,12,7.083333333333333,3.0,3.711917215062242
ICPUSDT,retail_taker,2023,2,35.5,35.5,17.49560039069386
ICPUSDT,retail_taker,2024,2,1.5,1.5,11.84547789897977
ICPUSDT,retail_taker,2025,6,32.166666666666664,4.0,4.6621267032006175
ICPUSDT,retail_taker,2026-partial,4,77.5,65.0,7.796248513541601
ETCUSDT,high_tier,2020,117,28.64957264957265,7.0,2.723109086492527
ETCUSDT,high_tier,2021,99,45.93939393939394,12.0,2.5887134844481756
ETCUSDT,high_tier,2022,56,53.357142857142854,36.5,2.0237365909702114
ETCUSDT,high_tier,2023,18,42.333333333333336,17.5,2.94459262966146
ETCUSDT,high_tier,2024,9,223.44444444444446,62.0,2.847390957756267
ETCUSDT,high_tier,2025,23,41.17391304347826,28.0,2.0826681379548915
ETCUSDT,high_tier,2026-partial,270,7.551851851851852,5.0,2.085124942207188
ETCUSDT,retail_taker,2020,34,48.3235294117647,17.0,5.670462520777805
ETCUSDT,retail_taker,2021,28,51.0,20.5,4.75156026887962
ETCUSDT,retail_taker,2022,3,82.66666666666667,107.0,4.156685273428046
ETCUSDT,retail_taker,2023,2,13.5,13.5,9.89968967560783
ETCUSDT,retail_taker,2024,1,5.0,5.0,8.828287682203916
ETCUSDT,retail_taker,2025,1,74.0,74.0,4.060995817880105
ATOMUSDT,high_tier,2020,426,8.192488262910798,3.0,2.4848069423505357
ATOMUSDT,high_tier,2021,165,28.763636363636362,9.0,2.734675816858953
ATOMUSDT,high_tier,2022,94,35.12765957446808,10.5,2.157363875492182
ATOMUSDT,high_tier,2023,27,134.85185185185185,21.0,2.6983675129218687
ATOMUSDT,high_tier,2024,20,110.8,66.5,2.0968019812224075
ATOMUSDT,high_tier,2025,26,120.8076923076923,52.5,1.9852214618479351
ATOMUSDT,high_tier,2026-partial,190,18.03157894736842,10.0,2.1642032322170124
ATOMUSDT,retail_taker,2020,87,16.597701149425287,6.0,4.273934448268864
ATOMUSDT,retail_taker,2021,36,51.80555555555556,22.0,5.775192525849355
ATOMUSDT,retail_taker,2022,4,15.75,3.0,5.734247338921728
ATOMUSDT,retail_taker,2023,4,184.25,125.0,6.652209524141086
ATOMUSDT,retail_taker,2024,1,5.0,5.0,13.180785827844696
ATOMUSDT,retail_taker,2025,3,162.0,44.0,4.0283620969888485
ATOMUSDT,retail_taker,2026-partial,8,23.25,17.5,3.7940504775625516
