symbol,company_name,market,first_trading_date,delisting_date,reason
3K-BAT,THAI ENERGY STORAGE TECHNOLOGY PUBLIC COMPANY LIMITED,SET,05 Oct 2020,13 Dec 2024,The company requests for voluntary delisting
AA,DOUBLE A (1991) PUBLIC COMPANY LIMITED,SET,08 Feb 1995,17 Apr 2008,The company requests for voluntary delisting
ABICO,ABICO HOLDINGS PUBLIC COMPANY LIMITED,mai,27 Apr 1990,04 Jan 2023,The company requests for voluntary delisting
ABPIF,AMATA B. GRIMM POWER POWER PLANT INFRASTRUCTURE FUND,SET,27 Sep 2013,10 Dec 2022,-
ACMG,AYUDHYA CMG LIFE ASSURANCE PUBLIC COMPANY LIMITED,SET,02 Dec 1988,31 Jan 2002,The company requests for voluntary delisting
AFL,ASIAN FOOTWEAR PUBLIC COMPANY LIMITED,SET,18 Dec 1991,05 Jul 1996,SET command de-lists because they fail to submit financial statements
AF-O,AAPICO FORGING PUBLIC COMPANY LIMITED,SET,26 Jan 2005,21 Jun 2007,The company requests for voluntary delisting
AIFT,AIG FINANCE (THAILAND) PUBLIC COMPANY LIMITED,SET,30 Apr 1975,15 Aug 2002,The company requests for voluntary delisting
ALL,ALL INSPIRE DEVELOPMENT PUBLIC COMPANY LIMITED,mai,08 May 2019,03 Sep 2024,SET command de-lists because they violate SET's rule and regulations
APEX,APEX DEVELOPMENT PUBLIC COMPANY LIMITED,SET,20 Nov 1990,19 Oct 2024,SET command de-lists because they violate SET's rule and regulations
APSP,ALCAN PACKAGING STRONGPACK PUBLIC COMPANY LIMITED,SET,16 May 1978,29 Nov 2005,The company requests for voluntary delisting
ASCON,ASCON CONSTRUCTION PUBLIC COMPANY LIMITED,SET,21 Dec 2005,26 Nov 2015,SET command de-lists because they violate SET's rule and regulations
ASSET,ASSET PLUS SECURITIES PUBLIC COMPANY LIMITED,SET,18 Sep 2002,11 May 2004,The company requests for voluntary delisting
ASTL,AMERICAN STANDARD SANITARYWARE(THAILAND) PUBLIC COMPANY LTD.,SET,22 Jan 1988,01 Feb 2005,The company requests for voluntary delisting
ATC,THE AROMATICS (THAILAND) PUBLIC COMPANY LIMITED,SET,25 Jan 1996,28 Dec 2007,Amalgamation
ATEC,ALPHATEC ELECTRONICS PUBLIC COMPANY LIMITED,SET,05 Nov 1993,21 May 1999,SET command de-lists because they fail to achieve satisfactory progress on its rehabilitation
AYAL,AYUDHYA AUTO LEASE PUBLIC COMPANY LOMITED,SET,09 Aug 1978,12 Jun 2007,-
BANPUU,BANPU PUBLIC COMPANY LIMITED,SET,16 Jun 1989,31 Jul 2026,Amalgamation
BAP,BANGKOK AGRO-INDUSTRIAL PRODUCTS PUBLIC COMPANY LIMITED,SET,25 Dec 1984,20 Dec 1999,The company requests for voluntary delisting
BAT-3K,HITACHI CHEMICAL STORAGE BATTERY (THAILAND) PUBLIC COMPANY LIMITED,SET,10 Feb 1995,01 Oct 2020,Amalgamation
BATA,BATA SHOE OF THAILAND PUBLIC COMPANY LIMITED,SET,08 Apr 1976,24 Aug 2010,The company requests for voluntary delisting
BBC,THE BANGKOK BANK OF COMMERCE PUBLIC COMPANY LIMITED,SET,21 Dec 1987,25 Dec 1998,Amalgamation
BCHANG,BAN CHANG GROUP PUBLIC COMPANY LIMITED,SET,22 Oct 1993,01 Jun 1999,SET command de-lists because they violate SET's rule and regulations
BC-O,KAEWSONG (2548) PUBLIC COMPANY LIMITED,SET,30 Oct 1995,10 May 2006,The company requests for voluntary delisting
BDS,-,SET,03 Jul 1978,07 Oct 1983,-
BECL,BANGKOK EXPRESSWAY PUBLIC COMPANY LIMITED,SET,31 Aug 1995,30 Dec 2015,Amalgamation
BIGC,BIG C SUPERCENTER PUBLIC COMPANY LIMITED,SET,03 Jan 1992,28 Sep 2017,The company requests for voluntary delisting
BIJOUX,BIJOUX HOLDINGS PUBLIC COMPANY LIMITED,SET,25 Dec 1991,02 Jun 2000,SET command de-lists because they fail to achieve satisfactory progress on its rehabilitation
BKI,BANGKOK INSURANCE PUBLIC COMPANY LIMITED,SET,07 Dec 1978,18 Jun 2024,The company requests for voluntary delisting
BKKCP,BANGKOK COMMERCIAL PROPERTY FUND,SET,19 Nov 2003,11 Dec 2024,Others
BKP,BANGKOK PRODUCE MERCHANDISING PUBLIC COMPANY LIMITED,SET,21 Dec 1987,20 Dec 1999,The company requests for voluntary delisting
BLS,BUALUANG SECURITIES PUBLIC COMPANY LIMITED,SET,28 Feb 2005,07 Apr 2012,The company requests for voluntary delisting
BMB,BANGKOK METROPOLITAN BANK PUBLIC COMPANY LIMITED,SET,16 Jan 1976,28 Jun 2002,Amalgamation
BMCL,BANGKOK METRO PUBLIC COMPANY LIMITED,SET,21 Sep 2006,30 Dec 2015,Amalgamation
BPP,BANPU POWER PUBLIC COMPANY LIMITED,SET,28 Oct 2016,31 Jul 2026,Amalgamation
BPT,BPT INDUSTRIES PUBLIC COMPANY LIMITED,SET,14 Nov 1990,06 Jul 1998,SET command de-lists because they fail to achieve satisfactory progress on its rehabilitation
BRC,BANGKOK RUBBER PUBLIC COMPANY LIMITED,SET,30 Dec 1983,28 Sep 2017,Others
BSI,BANGKOK STEEL INDUSTRY PUBLIC COMPANY LIMITED,SET,30 Jul 1991,26 Feb 2009,The company requests for voluntary delisting
BSRC,BANGCHAK SRIRACHA PUBLIC COMPANY LIMITED,SET,06 May 2008,12 Dec 2025,The company requests for voluntary delisting
CATHAY,CATHAY FINANCE AND SECURITIES PUBLIC COMPANY LIMITED,SET,02 Sep 1994,25 Dec 1997,SET command de-lists because they fail to achieve satisfactory progress on its rehabilitation
CAWOW,CALIFORNIA WOW XPERIENCE PUBLIC COMPANY LIMITED,SET,08 Nov 2005,24 Jul 2014,SET command de-lists because they fail to submit financial statements
CE,-,SET,12 Mar 1979,29 Apr 1987,-
CFL,-,SET,03 Aug 1979,30 May 1986,-
CGS,COUNTRY GROUP SECURITIES PUBLIC COMPANY LIMITED,SET,04 Jul 1991,08 Jan 2015,The company requests for voluntary delisting
CIMBI,CIMB SECURITIES INTERNATIONAL (THAILAND) PUBLIC COMPANY LIMITED,SET,17 Sep 2002,25 Sep 2012,The company requests for voluntary delisting
CIMBT,CIMB THAI BANK PUBLIC COMPANY LIMITED,SET,22 Nov 1978,12 Sep 2026,SET command de-lists because they violate SET's rule and regulations
CIT,CARPETS INTERNATIONAL THAILAND PUBLIC COMPANY LIMITED,SET,30 Dec 1977,24 Aug 2000,The company requests for voluntary delisting
CMBT,CARNAUDMETALBOX (THAILAND) PUBLIC COMPANY LIMITED,SET,30 Apr 1975,16 Oct 2001,The company requests for voluntary delisting
CMG,CHAOPHYA MARBLE-GRANITE PUBLIC COMPANY LIMITED,SET,23 Aug 1993,02 Jun 2000,SET command de-lists because they fail to achieve satisfactory progress on its rehabilitation
CMIC,CMIC FINANCE AND SECURITIES PUBLIC COMPANY LIMITED,SET,12 Oct 1987,25 Dec 1997,SET command de-lists because they fail to achieve satisfactory progress on its rehabilitation
CNS,CAPITAL NOMURA SECURITIES PUBLIC COMPANY LIMITED,SET,26 Apr 1988,20 Mar 2020,The company requests for voluntary delisting
COCO,THE COGENERATION PUBLIC COMPANY LIMITED,SET,08 Feb 1996,23 Aug 2002,The company requests for voluntary delisting
COL,COL PUBLIC COMPANY LIMITED,SET,28 Jul 2010,22 Feb 2021,The company requests for voluntary delisting
COTTO,SCG CERAMICS PUBLIC COMPANY LIMITED,SET,03 Aug 2018,20 Dec 2023,The company requests for voluntary delisting
CPAXTT,CP AXTRA PUBLIC COMPANY LIMITED,SET,11 Aug 1994,01 Oct 2024,Amalgamation
CPICO,CENTRAL PAPER INDUSTRY PUBLIC COMPANY LIMITED,SET,13 Mar 1996,03 Sep 2015,-
CPNE,CHAROEN POKPHAND NORTHEASTERN PUBLIC COMPANY LIMITED,SET,29 Sep 1988,20 Dec 1999,The company requests for voluntary delisting
CPNRF,CPN RETAIL GROWTH LEASEHOLD PROPERTY FUND,SET,23 Aug 2005,14 Dec 2017,Others
CPTGF,C.P. TOWER GROWTH LEASEHOLD PROPERTY FUND,SET,16 Dec 2013,21 Nov 2024,Others
CRYSTAL,CRYSTAL RETAIL GROWTH LEASEHOLD PROPERTY FUND,SET,27 Jun 2013,12 Dec 2019,Others
CSL,CS LOXINFO PUBLIC COMPANY LIMITED,SET,08 Apr 2004,26 Jul 2018,The company requests for voluntary delisting
DEFT,"DYNAMIC EASTERN FINANCE THAILAND (1991) PUBLIC CO.,LTD.",SET,17 Aug 1994,25 Dec 1997,SET command de-lists because they fail to achieve satisfactory progress on its rehabilitation
DRACO,DRACO PCB PUBLIC COMPANY LIMITED,SET,16 Nov 1994,21 Jun 2017,The company requests for voluntary delisting
DS,DHANA SIAM FINANCE PUBLIC COMPANY LIMITED,SET,30 Dec 1980,19 Feb 1999,SET command de-lists because they fail to achieve satisfactory progress on its rehabilitation
DSGT,DSG INTERNATIONAL (THAILAND) PUBLIC COMPANY LIMITED,SET,09 Aug 2006,27 Jun 2017,The company requests for voluntary delisting
DTAC,TOTAL ACCESS COMMUNICATION PUBLIC COMPANY LIMITED,SET,22 Jun 2007,01 Mar 2023,Amalgamation
DTCPF,DUSIT THANI FREEHOLD & LEASEHOLD PROPERTY FUND,SET,13 Jan 2011,15 Dec 2017,Others
DTDB,DBS THAI DANU BANK PUBLIC COMPANY LIMITED,SET,27 Jul 1976,06 Jul 2004,The company requests for voluntary delisting
DTM,DATAMAT PUBLIC COMPANY LIMITED,SET,30 Dec 1983,24 Jul 2014,SET command de-lists because they fail to submit financial statements
DVS,THE DEVES INSURANCE PUBLIC COMPANY LIMITED,SET,29 Nov 1990,22 Aug 2008,The company requests for voluntary delisting
EAC,THE EAST ASIATIC (THAILAND) PUBLIC COMPANY LIMITED,SET,03 Nov 1983,24 Feb 2000,The company requests for voluntary delisting
EARTH,ENERGY EARTH PUBLIC COMPANY LIMITED,SET,15 Jan 1996,20 Sep 2019,SET command de-lists because they fail to submit financial statements
EGV,EGV ENTERTAINMENT PUBLIC COMPANY LIMITED,SET,26 Jun 2003,12 Oct 2004,The company requests for voluntary delisting
EI,EARTH INDUSTRIAL PUBLIC COMPANY LIMITED,SET,15 Jun 1990,19 May 1998,SET command de-lists because they fail to achieve satisfactory progress on its rehabilitation
EKP,EKKAPAT FINANCE AND SECURITIES PUBLIC COMPANY LIMITED,SET,09 Jul 1996,25 Dec 1997,SET command de-lists because they fail to achieve satisfactory progress on its rehabilitation
ERWPF,ERAWAN HOTEL GROWTH PROPERTY FUND,SET,04 Apr 2013,29 May 2024,-
ESSEX,ESSEX INTERNATIONAL PUBLIC COMPANY LIMITED,SET,19 Jul 1991,17 Jul 1997,The company requests for voluntary delisting
ETG,ETERNITY GRAND LOGISTICS PUBLIC COMPANY LIMITED,mai,29 Nov 2006,14 Oct 2011,The company requests for voluntary delisting
FAS,FIRST ASIA SECURITIES PUBLIC COMPANY LIMITED,SET,02 Oct 1991,24 Jun 1997,The company requests for voluntary delisting
FBCB,FIRST BANGKOK CITY BANK PUBLIC COMPANY LIMITED,SET,15 Jun 1987,25 Dec 1998,Amalgamation
FBML,-,SET,18 Jun 1975,07 May 1976,-
FCI,FIRST CITY INVESTMENT PUBLIC COMPANY LIMITED,SET,15 Dec 1989,19 Feb 1999,SET command de-lists because they fail to achieve satisfactory progress on its rehabilitation
FFT,FOREMOST FRIESLAND (THAILAND) PUBLIC COMPANY LIMITED,SET,27 Jun 1985,31 Mar 1999,The company requests for voluntary delisting
FIN1,FINANCE ONE PUBLIC COMPANY LIMITED,SET,08 Jul 1988,25 Dec 1997,SET command de-lists because they fail to achieve satisfactory progress on its rehabilitation
FSS,FINANSIA SYRUS SECURITIES PUBLIC COMPANY LIMITED,SET,27 Oct 2004,23 Aug 2023,The company requests for voluntary delisting
FT,-,SET,16 Jun 1975,10 Apr 1985,-
FUTUREPF,FUTURE PARK LEASEHOLD PROPERTY FUND,SET,07 Dec 2006,07 Oct 2024,Others
GCN,G.C.N. FINANCE PUBLIC COMPANY LIMITED,SET,25 Sep 1996,25 Dec 1997,SET command de-lists because they fail to achieve satisfactory progress on its rehabilitation
GF,GENERAL FINANCE & SECURITIES PUBLIC COMPANY LIMITED,SET,29 Aug 1977,25 Dec 1997,SET command de-lists because they fail to achieve satisfactory progress on its rehabilitation
GFM,GOLDFINE MANUFACTURERS PUBLIC COMPANY LIMITED,mai,07 Dec 2004,20 Nov 2014,The company requests for voluntary delisting
GL,GROUP LEASE PUBLIC COMPANY LIMITED,SET,13 Oct 2004,24 Apr 2025,SET command de-lists because they violate SET's rule and regulations
GLAND,GRAND CANAL LAND PUBLIC COMPANY LIMITED,SET,08 Feb 1996,12 Sep 2026,SET command de-lists because they violate SET's rule and regulations
GLANDRT,GLAND OFFICE LEASEHOLD REAL ESTATE INVESTMENT TRUST,SET,21 Apr 2017,04 Mar 2020,-
GLOW,GLOW ENERGY PUBLIC COMPANY LIMITED,SET,21 Apr 2005,13 Dec 2019,The company requests for voluntary delisting
GMMM,GMM MEDIA PUBLC COMPANY LIMITED,SET,22 Nov 2002,19 Feb 2009,The company requests for voluntary delisting
GOLD,GOLDEN LAND PROPERTY DEVELOPMENT PUBLIC COMPANY LIMITED,SET,29 Mar 1994,11 Aug 2020,The company requests for voluntary delisting
GOLDPF,GOLD PROPERTY FUND (LEASE HOLD),SET,22 May 2007,28 Oct 2021,-
GRANIT,THAI GRANITE PUBLIC COMPANY LIMITED,SET,27 Feb 1992,01 Jun 1999,SET command de-lists because they violate SET's rule and regulations
GSS,GSS ARRAY TECHNOLOGY PUBLIC COMPANY LIMITED,SET,29 Sep 1989,17 Aug 2000,The company requests for voluntary delisting
GSS-O,-,SET,30 Dec 1977,29 Dec 1988,-
GULFI,GULF ENERGY DEVELOPMENT PUBLIC COMPANY LIMITED,SET,06 Dec 2017,01 Apr 2025,Amalgamation
HEMRAJ,HEMARAJ LAND AND DEVELOPMENT PUBLIC COMPANY LIMITED,SET,10 Jul 1992,02 Mar 2016,The company requests for voluntary delisting
HIPRO,HIPRO ELECTRONICS PUBLIC COMPANY LIMITED,SET,04 Oct 1996,05 Oct 2000,The company requests for voluntary delisting
HT,HUA THAI MANUFACTURING PUBLIC COMPANY LIMITED,SET,30 Jul 1991,15 Jan 2008,The company requests for voluntary delisting
ICBCT,INDUSTRIAL AND COMMERCIAL BANK OF CHINA (THAI) PCL.,SET,22 Nov 1978,19 Mar 2011,The company requests for voluntary delisting
IEC,THE INTERNATIONAL ENGINEERING PUBLIC COMPANY LIMITED,SET,05 Feb 1992,10 Jul 2019,Others
IFCT,THE INDUSTRIAL FINANCE CORPORATION OF THAILAND,SET,18 Mar 1976,03 Nov 2004,The company requests for voluntary delisting
IFCTF,IFCT FINANCE AND SECURITIES PUBLIC COMPANY LIMITED,SET,12 Mar 1996,19 Feb 1999,SET command de-lists because they fail to achieve satisfactory progress on its rehabilitation
IFEC,INTER FAR EAST ENERGY CORPORATION PUBLIC COMPANY LIMITED,SET,06 May 1988,26 Jul 2024,SET command de-lists because they violate SET's rule and regulations
IHG,THE NEW IMPERIAL HOTEL PUBLIC COMPANY LIMITED,SET,16 Apr 1990,28 Dec 2002,The company requests for voluntary delisting
INLIFE,INTERLIFE JOHN HANCOCK ASSURANCE PUBLIC COMPANY LIMITED,SET,11 Sep 1991,13 Apr 2005,The company requests for voluntary delisting
INTUCH,INTOUCH HOLDINGS PUBLIC COMPANY LIMITED,SET,31 Aug 1990,01 Apr 2025,Amalgamation
IPI,INDORAMA POLYESTER INDUSTRIES PUBLIC COMPANY LIMITED,SET,15 Sep 1993,09 Nov 2009,The company requests for voluntary delisting
IRP,INDORAMA POLYMERS PUBLIC COMPANY LIMITED,SET,02 Aug 2005,05 Feb 2010,Amalgamation
ITF,ITF FINANCE AND SECURITIES PUBLIC COMPANY LIMITED,SET,18 Dec 1978,25 Dec 1997,SET command de-lists because they fail to achieve satisfactory progress on its rehabilitation
ITS,-,SET,10 Mar 1976,26 Aug 1988,-
ITV,ITV PUBLIC COMPANY LIMITED,SET,13 Mar 2002,24 Jul 2014,Others
J&JHO,-,SET,25 Apr 1975,25 Feb 1987,-
JCC,JALAPRATHAN CEMENT PUBLIC COMPANY LIMITED,SET,18 Jun 1975,03 Dec 2002,The company requests for voluntary delisting
JCP,JC LEASEHOLD PROPERTY FUND,SET,05 Jan 2007,12 Apr 2018,Others
JKN,JKN GLOBAL GROUP PUBLIC COMPANY LIMITED,SET,30 Nov 2017,27 Dec 2025,SET command de-lists because they violate SET's rule and regulations
JULDIS,JULDIS DEVELOP PUBLIC COMPANY LIMITED,SET,14 Nov 1990,01 Jun 1999,SET command de-lists because they violate SET's rule and regulations
KARAT,KARAT SANITARYWARE PUBLIC COMPANY LIMITED,SET,22 Aug 1991,28 Dec 2002,The company requests for voluntary delisting
KCCAMC,Knight Club Capital Asset Management Public Company Limited,mai,05 May 2022,21 Jun 2024,The company requests for voluntary delisting
KEX,KEX EXPRESS (THAILAND) PUBLIC COMPANY LIMITED,SET,24 Dec 2020,15 Oct 2025,The company requests for voluntary delisting
KG,KIAN GWAN (THAILAND) PUBLIC COMPANY LIMITED,SET,21 Nov 1991,10 Aug 2000,The company requests for voluntary delisting
KGA,-,SET,31 Oct 1975,09 Sep 1986,-
KKI,KHOOM KHAO INSURANCE PUBLIC COMPANY LIMITED,SET,02 Oct 1991,26 Feb 2004,The company requests for voluntary delisting
KKPS,KIATNAKIN PHATRA SECURITIES PUBLIC COMPANY LIMITED,SET,31 May 2005,05 Jan 2011,The company requests for voluntary delisting
KPNPF,KPN PROPERTY FUND,SET,03 May 2013,27 Dec 2024,Others
KT,KRUNGTHAI FEEDMILL PUBLIC COMPANY LIMITED,SET,11 Nov 1988,31 Aug 1998,The company requests for voluntary delisting
KTECH,KTECH CONSTRUCTION PUBLIC COMPANY LIMITED,SET,01 Sep 2004,19 Aug 2020,Others
KTF,KRUNG THAI FINANCE & SECURITIES PUBLIC COMPANY LIMITED,SET,09 May 1996,25 Dec 1997,SET command de-lists because they fail to achieve satisfactory progress on its rehabilitation
KTT,KRUNGTHAI THANAKIT FINANCE PUBLIC COMPANY LIMITED,SET,25 Oct 1995,18 Jul 2001,The company requests for voluntary delisting
LHPF,LAND AND HOUSES FREEHOLD AND LEASEHOLD PROPERTY FUND,SET,02 Apr 2012,11 Dec 2024,Others
LPF,LOTUS'S RETAIL GROWTH FREEHOLD AND LEASEHOLD PROPERTY FUND,SET,19 Mar 2012,12 Dec 2024,Others
LRH,LAGUNA RESORTS & HOTELS PUBLIC COMPANY LIMITED,SET,25 Nov 1993,12 Sep 2026,SET command de-lists because they violate SET's rule and regulations
LTX,LUCKYTEX (THAILAND) PUBLIC COMPANY LIMITED,SET,17 Mar 1989,01 Jul 2019,Amalgamation
LVT,L.V. TECHNOLOGY PUBLIC COMPANY LIMITED,mai,14 Jul 2004,10 Jul 2019,Others
MA,MONTEREY ASIA PUBLIC COMPANY LIMITED,SET,13 Sep 1991,06 Jul 1998,SET command de-lists because they fail to achieve satisfactory progress on its rehabilitation
M-AAA,MFC Amazing A-la Andaman Property Fund,SET,15 Nov 2011,11 Feb 2015,Others
MAX,MAX METAL CORPORATION PUBLIC COMPANY LIMITED,SET,08 Feb 1996,27 Dec 2023,SET command de-lists because they violate SET's rule and regulations
MBKS,-,SET,10 Aug 1978,23 Oct 1987,-
MCC,MULTI-CREDIT CORPORATION OF THAILAND PUBLIC COMPANY LIMITED,SET,07 Oct 1983,25 Dec 1997,SET command de-lists because they fail to achieve satisfactory progress on its rehabilitation
MEC,MEC FAR EAST INTERNATIONAL PUBLIC COMPANY LIMITED,SET,11 Apr 1996,27 Oct 1999,The company requests for voluntary delisting
MFG,THE MINOR FOOD GROUP PUBLIC COMPANY LIMITED,SET,18 Dec 1991,05 Jan 2005,The company requests for voluntary delisting
MGR,MANAGER MEDIA GROUP PUBLIC COMPANY LIMITED,SET,10 Jan 1990,15 Oct 2011,SET command de-lists because they fail to achieve satisfactory progress on its rehabilitation
M-II,MFC INDUSTRIAL INVESTMENT PROPERTY AND LEASEHOLD FUND,SET,27 Dec 2012,19 Dec 2024,Others
MINOR,MINOR CORPORATION PUBLIC COMPANY LIMITED,SET,06 Jan 1989,22 Jun 2009,The company requests for voluntary delisting
MIT,MFC INDUSTRIAL REAL ESTATE INVESTMENT TRUST,SET,23 Dec 2015,24 May 2025,Others
MONTRI,101 MONTRI STORAGE PROPERTY FUND,SET,14 Aug 2009,07 Dec 2019,-
MORKOT,MORAKOT INDUSTRIES PUBLIC COMPANY LIMITED,SET,21 Nov 1991,16 Jun 1999,The company requests for voluntary delisting
MPT,MAGNECOMP PRECISION TECHNOLOGY PUBLIC COMPANY LIMITED,SET,08 Jun 1995,20 May 2008,The company requests for voluntary delisting
NAVA,NAVA FINANCE PUBLIC COMPANY LIMITED,SET,30 Sep 1987,19 Feb 1999,SET command de-lists because they fail to achieve satisfactory progress on its rehabilitation
NOK,NOK AIRLINES PUBLIC COMPANY LIMITED,SET,20 Jun 2013,09 Jan 2025,SET command de-lists because they violate SET's rule and regulations
NPAT,NITHIPAT FINANCE PUBLIC COMPANY LIMITED,SET,01 Apr 1994,25 Dec 1997,SET command de-lists because they fail to achieve satisfactory progress on its rehabilitation
NPC,NATIONAL PETROCHEMICAL PUBLIC COMPANY LIMITED,SET,08 Feb 1994,08 Dec 2005,The company requests for voluntary delisting
NSI,NAM SENG INSURANCE PUBLIC COMPANY LIMITED,SET,28 Mar 1995,08 Apr 2023,The company requests for voluntary delisting
NSTAR,NORTH STAR PUBLIC COMPANY LIMITED,SET,19 Jan 1990,02 Aug 1999,SET command de-lists because they fail to submit financial statements
NTL,NGERN TID LOR PUBLIC COMPANY LIMITED,SET,10 May 2021,15 May 2025,The company requests for voluntary delisting
NTS,N.T.S. STEEL GROUP PUBLIC COMPANY LIMITED,SET,04 Dec 1992,29 Nov 2002,The company requests for voluntary delisting
OISHI,OISHI GROUP PUBLIC COMPANY LIMITED,SET,25 Aug 2004,06 Sep 2023,The company requests for voluntary delisting
O-LAP,ORIENTAL LAPIDARY PUBLIC COMPANY LIMITED,SET,27 Apr 1989,02 Jun 2000,SET command de-lists because they fail to achieve satisfactory progress on its rehabilitation
ONE,ONE HOLDING PUBLIC COMPANY LIMITED,SET,30 Jul 1990,02 Jun 2000,SET command de-lists because they fail to achieve satisfactory progress on its rehabilitation
ONONO,THAI ONONO PUBLIC COMPANY LIMITED,SET,11 Nov 1988,07 May 1999,The company requests for voluntary delisting
PA,PACIFIC ASSETS PUBLIC COMPANY LIMITED,SET,29 Sep 1989,13 Oct 2010,The company requests for voluntary delisting
PACE,PACE DEVELOPMENT CORPORATION PUBLIC COMPANY LIMITED,SET,07 Aug 2013,02 Jul 2024,SET command de-lists because they violate SET's rule and regulations
PACFIN,PACIFIC FINANCE & SECURITIES PUBLIC COMPANY LIMITED,SET,25 Jun 1996,25 Dec 1997,SET command de-lists because they fail to achieve satisfactory progress on its rehabilitation
PAE,PAE (THAILAND) PUBLIC COMPANY LIMITED,SET,13 Feb 1996,10 Aug 2022,Others
PATRA,PATRA CERAMICS PUBLIC COMPANY LIMITED,SET,13 Sep 1991,12 Feb 1997,The company requests for voluntary delisting
PD,PACK DELTA PUBLIC COMPANY LIMITED,mai,01 Dec 2003,21 Mar 2008,The company requests for voluntary delisting
PDC,-,SET,30 Dec 1982,14 Sep 1984,The company requests for voluntary delisting
PE,PREMIER ENTERPRISE PUBLIC COMPANY LIMITED,SET,12 Jul 1991,23 Jun 2022,SET command de-lists because they violate SET's rule and regulations
PFFUND,PROPERTY PERFECT FUND,SET,20 Mar 2008,07 Mar 2013,-
PFS,POONPIPAT FINANCE AND SECURITIES PUBLIC COMPANY LIMITED,SET,01 Jun 1993,25 Dec 1997,SET command de-lists because they fail to achieve satisfactory progress on its rehabilitation
PHA,PHATRA INSURANCE PUBLIC COMPANY LIMITED,SET,09 Aug 1979,23 Jun 2008,Amalgamation
PHATRA,PHATRA CAPITAL PUBLIC COMPANY LIMITED,SET,05 Jan 2011,25 Sep 2012,The company requests for voluntary delisting
PHATR-O,PHATRA THANAKIT PUBLIC COMPANY LIMITED,SET,04 May 1979,02 Jun 1999,-
PIC,PHUKET ISLAND PUBLIC COMPANY LIMITED,SET,27 Sep 1991,06 Jul 1998,SET command de-lists because they fail to achieve satisfactory progress on its rehabilitation
PICNI,PICNIC CORPORATION PUBLIC COMPANY LIMITED,SET,16 Feb 1993,24 Nov 2014,Amalgamation
POLAR,POLARIS CAPITAL PUBLIC COMPANY LIMITED,SET,16 Aug 1990,28 Jan 2025,SET command de-lists because they violate SET's rule and regulations
POMPUI,KUANG PEI SAN FOOD PRODUCTS PUBLIC COMPANY LIMITED,SET,08 Jun 1995,21 Feb 2024,SET command de-lists because they violate SET's rule and regulations
POST,BANGKOK POST PUBLIC COMPANY LIMITED,SET,26 Dec 1984,26 Jul 2024,SET command de-lists because they violate SET's rule and regulations
PPC,PAKFOOD PUBLIC COMPANY LIMITED,SET,15 Jun 1990,15 Nov 2013,The company requests for voluntary delisting
PPF,PINTHONG INDUSTRIAL PARK PROPERTY FUND,SET,08 Jul 2014,12 Jun 2024,Others
PPPC,PHOENIX PULP & PAPER PUBLIC COMPANY LIMITED,SET,14 Dec 1989,07 Jan 2005,The company requests for voluntary delisting
PR,PRESIDENT RICE PRODUCTS PUBLIC COMPANY LIMITED,SET,29 Dec 1987,16 Oct 2017,Amalgamation
PRIME-O,PRIME FINANCE & SECURITIES PUBLIC COMPANY LIMITED,SET,04 Dec 1992,25 Dec 1997,SET command de-lists because they fail to achieve satisfactory progress on its rehabilitation
PRO,PROFESSIONAL WASTE TECHNOLOGY (1999) PUBLIC COMPANY LIMITED,SET,23 Jul 2004,09 Jan 2025,SET command de-lists because they violate SET's rule and regulations
PS,PRUKSA REAL ESTATE PUBLIC COMPANY LIMITED,SET,06 Dec 2005,01 Dec 2016,The company requests for voluntary delisting
PTSL,PRUDENTIAL TSLIFE ASSURANCE PUBLIC COMPANY LIMITED,SET,09 Dec 1988,01 Dec 1998,The company requests for voluntary delisting
PTTAR,PTT AROMATICS AND REFINING PUBLIC COMPANY LIMITED,SET,28 Dec 2007,19 Oct 2011,Amalgamation
PTTCH,PTT CHEMICAL PUBLIC COMPANY LIMITED,SET,08 Dec 2005,19 Oct 2011,Amalgamation
PYT,PRASIT PATANA PUBLIC COMPANY LIMITED,SET,29 Nov 1993,04 May 2012,The company requests for voluntary delisting
QHHR,QUALITY HOUSES HOTEL AND RESIDENCE FREEHOLD AND LEASEHOLD PROPERTY FUND,SET,31 Jul 2012,29 May 2024,Others
QHPF,QUALITY HOUSES LEASEHOLD PROPERTY FUND,SET,12 Dec 2006,16 Dec 2024,Others
RAJA,-,SET,19 Sep 1977,20 Aug 1979,-
RANCH,BANGKOK RANCH PUBLIC COMPANY LIMITED,SET,01 Feb 1993,05 Aug 2009,The company requests for voluntary delisting
RCI,THE ROYAL CERAMIC INDUSTRY PUBLIC COMPANY LIMITED,SET,28 Sep 1989,16 Jul 2021,The company requests for voluntary delisting
RENOWN,RENOWN LEATHERWEARS PUBLIC COMPANY LIMITED,SET,22 Sep 1992,23 Feb 2001,SET command de-lists because they fail to achieve satisfactory progress on its rehabilitation
RHBS,RHB SECURITIES (THAILAND) PUBLIC COMPANY LIMITED,SET,22 Nov 2006,22 Oct 2013,The company requests for voluntary delisting
RHC,RAJADAMRI HOTEL PUBLIC COMPANY LIMITED,SET,09 Apr 1990,12 Jul 2007,The company requests for voluntary delisting
RICH,RICH ASIA CORPORATION PUBLIC COMPANY LIMITED,SET,31 Aug 2006,19 Aug 2020,Others
ROBINS,ROBINSON PUBLIC COMPANY LIMITED,SET,03 Jan 1992,20 Feb 2020,The company requests for voluntary delisting
ROYNET,ROYNET PUBLIC COMPANY LIMITED,mai,25 Oct 2001,05 Mar 2005,SET command de-lists because they fail to submit financial statements
RRC,RAYONG REFINERY PUBLIC COMPANY LIMITED,SET,05 Jun 2006,28 Dec 2007,Amalgamation
RTC,-,SET,16 Jun 1975,10 May 1985,-
SAFARI,SAFARI WORLD PUBLIC COMPANY LIMITED,SET,16 Feb 1995,24 May 2025,SET command de-lists because they violate SET's rule and regulations
SAFE-O,THE SAFETY INSURANCE PUBLIC COMPANY LIMITED,SET,21 Mar 1977,31 Oct 2008,The company requests for voluntary delisting
SAF-O,-,SET,23 Nov 1977,18 Dec 1986,-
SAICO,"THE SIAM AGRO INDUSTRY PINEAPPLE AND OTHERS PUBLIC CO., LTD.",SET,17 May 1989,07 Sep 2009,The company requests for voluntary delisting
SBPF,SAMUI BURI PROPERTY FUND,SET,18 Aug 2010,05 Nov 2021,-
SCAN,SCAN GLOBAL PUBLIC COMPANY LIMITED,SET,19 Aug 1996,29 Sep 2016,Others
SCBB,THE SIAM COMMERCIAL BANK PUBLIC COMPANY LIMITED,SET,12 Feb 1976,27 Apr 2022,The company requests for voluntary delisting
SCBL,SIAM COMMERCIAL LEASING PUBLIC COMPANY LIMITED,SET,01 Jun 1993,14 Sep 2007,The company requests for voluntary delisting
SCBLIF,SCB LIFE ASSURANCE PUBLIC COMPANY LIMITED,SET,01 Nov 1988,20 May 2015,The company requests for voluntary delisting
SCBT,STANDARD CHARTERED BANK (THAI) PUBLIC COMPANY LIMITED,SET,02 Nov 1983,23 Oct 2007,The company requests for voluntary delisting
SCCF,SIAM CITY CREDIT FINANCE & SECURITIES PUBLIC COMPANY LIMITED,SET,01 Feb 1993,25 Dec 1997,SET command de-lists because they fail to achieve satisfactory progress on its rehabilitation
SCCL,-,SET,02 Aug 1978,18 Dec 1986,-
SCF,SCF FINANCE AND SECURITIES PUBLIC COMPANY LIMITED,SET,04 Dec 1992,25 Dec 1997,SET command de-lists because they fail to achieve satisfactory progress on its rehabilitation
S-CHEM,THE SIAM CHEMICALS PUBLIC COMPANY LIMITED,SET,10 May 1991,30 Mar 2000,The company requests for voluntary delisting
SCIB,SIAM CITY BANK PUBLIC COMPANY LIMITED,SET,16 Aug 1988,13 Dec 2010,The company requests for voluntary delisting
SCLL,-,SET,16 Aug 1984,18 Dec 1986,-
SC-O,SONGKLA CANNING PUBLIC COMPANY LIMITED,SET,11 Nov 1988,31 Mar 1999,-
SDF,SRI DHANA FINANCE PUBLIC COMPANY LIMITED,SET,14 Nov 1990,25 Dec 1997,SET command de-lists because they fail to achieve satisfactory progress on its rehabilitation
SECC,S.E.C. AUTO SALES AND SERVICES PUBLIC COMPANY LIMITED,SET,18 May 2006,24 Jul 2014,SET command de-lists because they fail to submit financial statements
SF,SIAM FUTURE DEVELOPMENT PUBLIC COMPANY LIMITED,SET,17 Dec 2002,01 Jun 2022,The company requests for voluntary delisting
SFP,SIAM FOOD PRODUCTS PUBLIC COMPANY LIMITED,SET,19 Jul 1985,19 Jul 2023,The company requests for voluntary delisting
SHREIT,STRATEGIC HOSPITALITY EXTENDABLE FREEHOLD AND LEASEHOLD REAL ESTATE INVESTMENT TRUST,SET,27 Dec 2017,18 Aug 2023,Others
SI,-,SET,17 Nov 1980,29 Apr 1987,-
SICCO,THE SIAM INDUSTRIAL CREDIT PUBLIC COMPANY LIMITED,SET,09 Dec 1988,07 Oct 2011,The company requests for voluntary delisting
SINGHA,SINGHA PARATECH PUBLIC COMPANY LIMITED,SET,19 Dec 2003,26 Nov 2015,SET command de-lists because they violate SET's rule and regulations
SIRIP,SIRI PRIME OFFICE PROPERTY FUND,SET,09 Apr 2014,06 Nov 2024,Others
SIRIPF,BAAN SANSIRI PROPERTY FUND,SET,26 Sep 2005,16 Sep 2010,-
SITCA,SITCA INVESTMENT & SECURITIES PUBLIC COMPANY LIMITED,SET,02 Jun 1993,25 Dec 1997,SET command de-lists because they fail to achieve satisfactory progress on its rehabilitation
SLM,SLM CORPORATION PUBLIC COMPANY LIMITED,mai,31 Jan 2002,30 Oct 2024,SET command de-lists because they violate SET's rule and regulations
SMC,SMC POWER PUBLIC COMPANY LIMITED,SET,06 Jan 1989,29 Sep 2016,Others
SMG,SAMAGGI INSURANCE PUBLIC COMPANY LIMITED,SET,25 Sep 1986,02 Jun 2016,The company requests for voluntary delisting
SMK,SYN MUN KONG INSURANCE PUBLIC COMPANY LIMITED,SET,07 Jun 1991,07 Nov 2024,Others
SOMPR,SOMPRASONG LAND PUBLIC COMPANY LIMITED,SET,21 Nov 1991,12 Jun 1998,SET command de-lists because they fail to achieve satisfactory progress on its rehabilitation
SPF,SAMUI AIRPORT PROPERTY FUND (LEASEHOLD),SET,24 Nov 2006,31 Jul 2021,-
SPORT,SIAM SPORT SYNDICATE PUBLIC COMPANY LIMITED,SET,13 Mar 1996,28 Feb 2020,The company requests for voluntary delisting
SPP,THE SIAM PULP & PAPER PUBLIC COMPANY LIMITED,SET,15 Dec 1987,22 Jul 2003,The company requests for voluntary delisting
SPSU,S.P. SUZUKI PUBLIC COMPANY LIMITED,SET,12 Mar 1996,08 Feb 2011,The company requests for voluntary delisting
SPWPF,SRI PANWA HOTEL PROPERTY FUND,SET,08 Aug 2013,23 Dec 2016,Others
SRI,SRITHAI FOOD & BEVERAGE PUBLIC COMPANY LIMITED,SET,18 Mar 1993,31 Oct 2008,SET command de-lists because they fail to achieve satisfactory progress on its rehabilitation
SS,SUNSHINE PUBLIC COMPANY LIMITED,SET,17 Nov 1980,01 Jun 1999,SET command de-lists because they fail to achieve satisfactory progress on its rehabilitation
SSC,SERMSUK PUBLIC COMPANY LIMITED,SET,30 Jun 1975,20 Dec 2024,The company requests for voluntary delisting
SSI,SAHAVIRIYA STEEL INDUSTRIES PUBLIC COMPANY LIMITED,SET,08 Sep 1994,11 Jul 2020,Others
SSTPF,SUB SRI THAI PROPERTY FUND,SET,25 May 2011,03 Jan 2020,Others
SSTSS,SUBSRITHAI SMART STORAGE PROPERTY FUND,SET,15 Aug 2014,26 Dec 2017,Others
STACO,STA GROUP (1993) PUBLIC COMPANY LIMITED,SET,08 Jun 1994,04 Feb 1999,SET command de-lists because they fail to achieve satisfactory progress on its rehabilitation
STARK,STARK CORPORATION PUBLIC COMPANY LIMITED,SET,22 Mar 2005,03 Sep 2024,SET command de-lists because they violate SET's rule and regulations
STAR-O,STAR BLOCK GROUP PUBLIC COMPANY LIMITED,SET,09 Jun 1988,01 Jun 1999,-
STC-O,SIAM TYRE PUBLIC COMPANY LIMITED,SET,25 Apr 1979,21 Jul 1999,The company requests for voluntary delisting
STEC,"SINO-THAI ENGINEERING AND CONSTRUCTION PUBLIC CO.,LTD.",SET,31 Aug 1992,29 Oct 2024,The company requests for voluntary delisting
STHAI,"SHUN THAI RUBBER GLOVES INDUSTRY PUBLIC CO., LTD",SET,01 Aug 2002,09 Jan 2025,SET command de-lists because they violate SET's rule and regulations
SUE,SANYO UNIVERSAL ELECTRIC PUBLIC COMPANY LIMITED,SET,25 Dec 1989,20 Dec 2001,The company requests for voluntary delisting
SURAT,SURAT CANNING PUBLIC COMPANY LIMITED,SET,13 Jul 1990,25 May 1998,SET command de-lists because they fail to achieve satisfactory progress on its rehabilitation
S-VARA,SRIVARA REAL ESTATE GROUP PUBLIC COMPANY LIMITED,SET,04 Jun 1996,26 Dec 2003,SET command de-lists because they fail to achieve satisfactory progress on its rehabilitation
SVH,SAMITIVEJ PUBLIC COMPANY LIMITED,SET,15 Jun 1990,08 Dec 2022,The company requests for voluntary delisting
SVI,SVI PUBLIC COMPANY LIMITED,SET,18 Sep 1989,22 May 2026,The company requests for voluntary delisting
TAF,THAI AGRI FOODS PUBLIC COMPANY LIMITED,SET,13 Sep 1991,28 Nov 2008,The company requests for voluntary delisting
TAG,THAI-ASAHI GLASS PUBLIC COMPANY LIMITED,SET,25 Dec 1989,12 Jul 2001,The company requests for voluntary delisting
TATL,TECHNOLOGY APPLICATIONS (THAILAND) PUBLIC COMPANY LIMITED,SET,29 Mar 1991,06 Jul 1998,SET command de-lists because they fail to achieve satisfactory progress on its rehabilitation
TBANK,THANACHART BANK PUBLIC COMPANY LIMITED,SET,10 Jul 1992,15 Jan 2008,The company requests for voluntary delisting
TCCC,THAI CENTRAL CHEMICAL PUBLIC COMPANY LIMITED,SET,08 Oct 1991,25 Aug 2023,The company requests for voluntary delisting
TCI,THE THAI COMMERCIAL INSURANCE PUBLIC COMPANY LIMITED,SET,06 Jul 1990,28 Mar 2006,The company requests for voluntary delisting
TCIF,THAI COMMERCIAL INVESTMENT FREEHOLD AND LEASEHOLD FUND,SET,16 Jun 2010,19 Jul 2017,Others
TCP,THAI CANE PAPER PUBLIC COMPANY LIMITED,SET,05 Apr 1996,27 Feb 2014,The company requests for voluntary delisting
TF,THAI PRESIDENT FOODS PUBLIC COMPANY LIMITED,SET,07 Dec 1978,16 Oct 2017,Amalgamation
TFC,THAILAND FISHERY COLD STORAGE PUBLIC COMPANY LIMITED,SET,20 Jul 1990,06 Oct 1999,The company requests for voluntary delisting
T-FISH,THAI FISHERIES PUBLIC COMPANY LIMITED,SET,27 Dec 1994,02 Jun 2000,SET command de-lists because they fail to achieve satisfactory progress on its rehabilitation
TFS,THAI FINANCIAL SYNDICATE PUBLIC COMPANY LIMITED,SET,31 Aug 1992,25 Dec 1997,SET command de-lists because they fail to achieve satisfactory progress on its rehabilitation
TFT,THAI FINANCIAL TRUST PUBLIC COMPANY LIMITED,SET,19 Sep 1995,25 Dec 1997,SET command de-lists because they fail to achieve satisfactory progress on its rehabilitation
TFUND,TICON PROPERTY FUND,SET,12 May 2005,28 Dec 2017,Others
TGCI,THAI-GERMAN CERAMIC INDUSTRY PUBLIC COMPANY LIMITED,SET,17 Nov 1980,01 Aug 2018,Amalgamation
TGI,THAI GLASS INDUSTRIES PUBLIC COMPANY LIMITED,SET,30 Apr 1975,29 Dec 1998,The company requests for voluntary delisting
TGP,THAI GYPSUM PRODUCTS PUBLIC COMPANY LIMITED,SET,30 Dec 1980,05 Oct 2004,The company requests for voluntary delisting
TGROWTH,TICON INDUSTRIAL GROWTH LEASEHOLD PROPERTY FUND,SET,18 Dec 2013,28 Dec 2017,Others
THIF,THAI HOTEL INVESTMENT FREEHOLD AND LEASEHOLD PROPERTY FUND,SET,16 Jun 2014,19 Jul 2017,Others
THL,TONGKAH HARBOUR PUBLIC COMPANY LIMITED,SET,02 Jun 1981,20 Oct 2023,SET command de-lists because they violate SET's rule and regulations
TIC,THE THAI INSURANCE PUBLIC COMPANY LIMITED,SET,19 Aug 1976,31 Jul 2019,The company requests for voluntary delisting
TICO,THAI IRYO PUBLIC COMPANY LIMITED,SET,11 Sep 1981,25 Jul 1997,SET command de-lists because they fail to achieve satisfactory progress on its rehabilitation
TIG,THAI INDUSTRIAL GASES PUBLIC COMPANY LIMITED,SET,05 Apr 1979,02 Jan 2002,The company requests for voluntary delisting
TIP,DHIPAYA INSURANCE PUBLIC COMPANY LIMITED,SET,24 Jul 1996,07 Sep 2021,The company requests for voluntary delisting
TISC_OLD,THAI INVESTMENT AND SECURITIES PUBLIC COMPANY LIMITED,SET,03 May 1983,02 Jul 1996,-
TISCOB,TISCO BANK PUBLIC COMPANY LIMITED,SET,02 Jul 1996,15 Jan 2009,Amalgamation
TLI-O,THAI LIFT INDUSTRIES PUBLIC COMPANY LIMITED,SET,31 Aug 1994,23 Sep 2005,The company requests for voluntary delisting
TLOGIS,TPARK LOGISTICS PROPERTY FUND,SET,16 Dec 2009,28 Dec 2017,Others
TMF,THAIMEX FINANCE AND SECURITIES PUBLIC COMPANY LIMITED,SET,21 Dec 1987,25 Dec 1997,SET command de-lists because they fail to achieve satisfactory progress on its rehabilitation
TM-O,THAI MODERN PLASTIC INDUSTRY PUBLIC COMPANY LIMITED,SET,23 Mar 1993,01 Oct 2001,SET command de-lists because they fail to achieve satisfactory progress on its rehabilitation
TMP,THAI MELON POLYESTER PUBLIC COMPANY LIMITED,SET,18 Jan 1993,02 Jun 2000,SET command de-lists because they fail to achieve satisfactory progress on its rehabilitation
TOC,THAI OLEFINS PUBLIC COMPANY LIMITED,SET,06 Nov 2003,08 Dec 2005,The company requests for voluntary delisting
TPC,THAI PLASTIC AND CHEMICALS PUBLIC COMPANY LIMITED,SET,08 May 1984,30 Jan 2017,The company requests for voluntary delisting
TPROP,THAI PROPERTY PUBLIC COMPANY LIMITED,SET,16 Apr 1990,09 Dec 2016,The company requests for voluntary delisting
TRIF,Thai Retail Investment Fund,SET,27 Jul 2011,19 Jul 2017,Others
TRS,TRANG SEAFOOD PRODUCTS PUBLIC COMPANY LIMITED,SET,12 Jan 1993,29 Sep 2016,Others
TRUEE,TRUE CORPORATION PUBLIC COMPANY LIMITED,SET,22 Dec 1993,01 Mar 2023,Amalgamation
TSF,THREE SIXTY FIVE PUBLIC COMPANY LIMITED,mai,08 Dec 2005,21 Jun 2023,SET command de-lists because they violate SET's rule and regulations
TT&T,TT&T PUBLIC COMPANY LIMITED,SET,31 May 1994,29 Sep 2016,Others
TTF,THAI TANAKORN FINANCE PUBLIC COMPANY LIMITED,SET,25 Feb 1991,25 Dec 1997,SET command de-lists because they fail to achieve satisfactory progress on its rehabilitation
TTL,TTL INDUSTRIES PUBLIC COMPANY LIMITED,SET,22 Sep 1989,18 Jun 2019,Others
TTP,"THAI TINPLATE MANUFACTURING CO.,LTD.",SET,30 Dec 1977,16 Jun 1994,The company requests for voluntary delisting
TTTM,THAI TORAY TEXTILE MILLS PUBLIC COMPANY LIMITED,SET,29 Oct 1981,01 Jul 2019,Amalgamation
TUCC,THAI UNIQUE COIL CENTER PUBLIC COMPANY LIMITED,SET,08 Dec 2005,26 Jul 2018,Others
TUPCO,"THAI UNION PAPER PUBLIC CO.,LTD.",SET,17 Nov 1980,05 Apr 1995,The company requests for voluntary delisting
TVI,THAIVIVAT INSURANCE PUBLIC COMPANY LIMITED,SET,04 Dec 1992,14 Jul 2023,The company requests for voluntary delisting
TWFP,THAI WAH FOOD PRODUCTS PUBLIC COMPANY LIMITED,SET,06 Dec 1989,01 Oct 2015,Amalgamation
TWS,THAI WAH STARCH PUBLIC COMPANY LIMITED,SET,16 Dec 1985,01 Oct 2015,Amalgamation
UAF,UNION ASIA FINANCE PUBLIC COMPANY LIMITED,SET,20 Jul 1984,19 Feb 1999,SET command de-lists because they fail to achieve satisfactory progress on its rehabilitation
UBC,"UNITED BROADCASTING CORPORATION PUBLIC CO., LTD.",SET,27 Feb 1992,11 Apr 2006,The company requests for voluntary delisting
UCOM,UNITED COMMUNICATION INDUSTRY PUBLIC COMPANY LIMITED,SET,01 Feb 1994,14 Sep 2007,The company requests for voluntary delisting
UCT,UNICORD PUBLIC COMPANY LIMITED,SET,30 May 1990,12 Jun 1998,SET command de-lists because they fail to achieve satisfactory progress on its rehabilitation
UFC,UNIVERSAL FOOD PUBLIC COMPANY LIMITED,SET,16 Dec 1988,28 Oct 2004,The company requests for voluntary delisting
UFM,UNITED FLOUR MILL PUBLIC COMPANY LIMITED,SET,29 Dec 1978,01 Dec 2010,The company requests for voluntary delisting
UGP,UNIQUE GAS & PETROCHEMICALS PUBLIC COMPANY LIMITED,SET,01 Jun 1993,14 Dec 2002,The company requests for voluntary delisting
UI,"UNION THREAD INDUSTRIES CO., LTD.",SET,02 May 1978,26 Oct 1993,The company requests for voluntary delisting
UMW,UNITED MOTOR WORKS (SIAM) PUBLIC COMPANY LIMITED,SET,30 Jul 1991,16 Feb 2000,The company requests for voluntary delisting
UNI,UNITED FOODS PUBLIC COMPANY LIMITED,SET,27 Feb 1992,22 Aug 2002,The company requests for voluntary delisting
UNIPF,UNILOFT PROPERTY FUND,SET,14 Nov 2013,09 Dec 2017,Others
UNITED,UNITED FINANCE CORPORATION PUBLIC COMPANY LIMITED,SET,01 Mar 1991,25 Dec 1997,SET command de-lists because they fail to achieve satisfactory progress on its rehabilitation
UNIVES,UNIVEST LAND PUBLIC COMPANY LIMITED,SET,16 Jan 1990,01 Jun 1999,SET command de-lists because they violate SET's rule and regulations
UOB8TF,UOB FREEHOLD EIGHT THONGLOR PROPERTY FUND,SET,05 Mar 2012,13 May 2016,Others
UOBAPF,UOB APARTMENT PROPERTY FUND I (LEASEHOLD),SET,29 Oct 2003,25 Oct 2013,Others
UOBKH,UOB KAY HIAN SECURITIES (THAILAND) PUBLIC COMPANY LIMITED,SET,22 Nov 2005,25 Apr 2026,The company requests for voluntary delisting
UOBR,UOB RADANASIN BANK PUBLIC COMPANY LIMITED,SET,21 Nov 1978,23 Nov 2005,The company requests for voluntary delisting
UOBT,UNITED OVERSEAS BANK (THAI) PUBLIC COMPANY LIMITED,SET,21 Nov 1978,12 Aug 2006,The company requests for voluntary delisting
URBNPF,URBANA PROPERTY FUND (LEASE HOLD),SET,18 Oct 2007,15 Aug 2024,Others
UST,UNITED STANDARD TERMINAL PUBLIC COMPANY LIMITED,SET,08 Jul 1988,04 May 2012,The company requests for voluntary delisting
UT,UNION TEXTILE INDUSTRIES PUBLIC COMPANY LIMITED,SET,20 Nov 1980,23 Mar 2022,The company requests for voluntary delisting
UTC,UNION TECHNOLOGY (2008) PUBLIC COMPANY LIMITED,SET,11 May 1988,01 Sep 2009,The company requests for voluntary delisting
UTL,UNITHAI LINE PUBLIC COMPANY LIMITED,SET,23 Jun 1994,13 Dec 2003,The company requests for voluntary delisting
VGM,VGM CORPORATION PUBLIC COMPANY LIMITED,SET,11 Mar 1992,24 Jul 2014,Others
VI,VENTURE INCORPORATION PUBLIC COMPANY LIMITED,SET,05 Jul 1996,18 Aug 2021,Others
VK,VIDHAYAKOM PUBLIC COMPANY LIMITED,SET,17 Apr 1978,06 Jul 1998,SET command de-lists because they fail to achieve satisfactory progress on its rehabilitation
VNT,VINYTHAI PUBLIC COMPANY LIMITED,SET,23 Feb 1995,12 Mar 2022,The company requests for voluntary delisting
WALL,WALL STREET FINANCE AND SECURITIES PUBLIC COMPANY LIMITED,SET,24 Jun 1993,25 Dec 1997,SET command de-lists because they fail to achieve satisfactory progress on its rehabilitation
WAT-O,WATTACHAK PUBLIC COMPANY LIMITED,SET,13 Sep 1991,01 Jun 1999,SET command de-lists because they violate SET's rule and regulations
WFC,WONGPAITOON GROUP PUBLIC COMPANY LIMITED,SET,28 Jul 1993,26 Dec 2003,SET command de-lists because they fail to achieve satisfactory progress on its rehabilitation
WG,WHITE GROUP PUBLIC COMPANY LIMITED,SET,11 Apr 1979,20 Nov 2020,The company requests for voluntary delisting
WHAPF,WHA PREMIUM FACTORY AND WAREHOUSE FREEHOLD AND LEASEHOLD PROPERTY FUND,SET,24 Dec 2010,07 Dec 2017,Others
WORLD,WORLD CORPORATION PUBLIC COMPANY LIMITED,SET,30 Aug 1994,03 Sep 2024,SET command de-lists because they violate SET's rule and regulations
WR,WE RETAIL PUBLIC COMPANY LIMITED,SET,30 Jul 2002,18 Aug 2021,Others
YCI,YONG THAI PUBLIC COMPANY LIMITED,SET,19 Nov 1990,18 Aug 2021,Others
YNP,YARNAPUND PUBLIC COMPANY LIMITED,SET,13 Jan 2005,10 Jul 2019,Others
