ticker,first_bar,last_bar,last_close,n_bars,median_dollar_volume
AABA,2017-06-19,2019-10-02,19.63,577,532805898.24
AACQU,2020-07-14,2021-06-24,11.05,240,468106.77
ABDC,2016-01-04,2020-01-31,8.9,1027,418055.70
ACACU,2020-10-23,2024-09-26,12.94,987,0.00
ACAMU,2019-02-22,2021-01-21,12.94,483,0.00
ACBI,2016-01-04,2022-02-28,32.34,1550,1431884.97
ACC,2016-01-04,2022-08-09,65.42,1662,38870056.15
ACGLP,2016-10-03,2021-09-29,24.99,1257,1122036.29
ACIA,2016-05-13,2021-02-26,114.99,1206,34419673.11
ACKIT,2021-02-04,2022-08-31,10.3801,397,38544.02
ACKIU,2020-12-21,2022-08-31,10.36,427,9308.00
ACSF,2016-01-04,2018-08-24,12.25,667,456663.45
ACTCU,2020-09-23,2021-06-14,21.2,182,239506.36
ACTDU,2021-03-23,2022-07-21,7.655,336,10077.50
ACTTU,2019-04-26,2020-06-24,13.05,294,3069.03
ADMS,2016-01-04,2021-11-23,8.22,1485,2938706.02
ADOCU,2020-11-10,2020-12-09,10.18,21,234703.80
ADRD,2016-01-04,2020-02-13,22.19,1036,74727.82
ADRU,2016-01-04,2020-02-13,21.6,1036,17543.91
ADSW,2016-10-06,2020-10-29,30.3,1024,12468249.95
AEB,2016-01-04,2021-09-14,25.01,1435,383145.67
AEGN,2016-01-04,2021-05-14,29.99,1351,3028172.10
AEPPL,2020-10-01,2022-03-14,52.61,365,1603400.90
AETI,2016-01-04,2019-07-26,0.8901,897,29563.79
AFC,2016-01-04,2021-03-24,25.32,1315,252880.63
AFGH,2016-01-04,2020-11-13,25.37,1227,325857.60
AGC,2016-01-04,2021-12-01,11.01,1490,468224.25
AGCUU,2020-10-01,2021-12-01,11.87,295,543935.92
AGGE,2016-05-10,2020-02-04,19.62,941,83182.33
AGGP,2016-05-10,2021-02-04,19.835,1194,392996.32
AGN,2016-01-04,2020-05-08,193.02,1095,564989219.30
AGND,2016-01-04,2020-05-27,38.06,1107,57561.59
AGT,2017-04-27,2022-08-22,26.38,1340,42757.35
AHACU,2020-09-18,2021-08-26,12.077,237,41883.75
AHL,2016-01-04,2026-02-23,37.5,984,16831407.28
AIIQ,2018-06-06,2022-07-28,24.56,1044,23778.64
AIMT,2016-01-04,2020-10-12,34.49,1203,11438387.70
AIW,2016-01-04,2021-08-05,25.0,1408,20008.13
AIZP,2018-03-15,2021-03-12,127.52,754,495959.35
AKCA,2017-07-14,2020-10-09,18.17,817,5156589.72
AKP,2016-01-04,2019-05-02,14.83,838,321667.96
AKS,2016-01-04,2020-03-12,1.59,1055,48114918.80
ALAC,2018-11-21,2022-04-25,12.02,861,27670.50
ALACR,2018-11-21,2022-04-25,0.035,861,759.57
ALACU,2018-10-24,2022-02-18,11.8,837,0.00
ALD,2016-01-04,2019-03-14,44.25,804,24664.89
ALDR,2016-01-04,2019-10-21,18.88,957,13898392.80
ALFA,2016-01-04,2022-08-30,62.1,1677,95099.76
ALGR,2018-08-13,2020-04-08,10.39,417,10978.00
ALGRR,2018-08-13,2020-04-20,0.018,424,76.50
ALGRU,2018-07-03,2020-03-31,10.84,439,0.00
ALN,2016-01-04,2018-09-28,0.1396,691,11142.47
ALO,2017-05-16,2020-06-30,1.26,787,190109.66
ALOG,2016-01-04,2018-06-22,83.95,623,6897625.86
ALSK,2016-01-04,2021-07-22,3.4,1398,193943.54
ALTA,2020-07-01,2021-09-30,44.16,316,1521093.63
ALTS,2016-01-04,2026-04-28,0.855,2594,24806.74
ALXN,2016-01-04,2021-07-20,182.5,1396,230660094.75
AMAG,2016-01-04,2020-11-13,13.75,1227,13602646.60
AMCA,2017-08-11,2021-08-23,37.55,1015,15765.54
AMCIU,2018-11-16,2023-02-07,10.43,1062,0.00
AMHCU,2019-11-20,2021-09-24,16.28,465,0.00
AMJL,2016-05-18,2020-03-18,1.2,965,42593.04
AMMA,2016-10-06,2019-02-01,0.2315,584,62880.23
AMRB,2016-01-04,2021-08-06,20.91,1409,49579.25
AMTBB,2018-10-24,2021-11-17,28.72,773,35634.50
AMU,2016-01-04,2020-11-23,8.43,1233,1115213.68
ANAT,2016-01-04,2022-05-24,190.02,1610,4012190.29
ANCX,2016-01-04,2019-01-31,23.61,775,959944.48
ANDAR,2016-01-15,2021-07-20,0.905,1387,0.00
ANDAU,2016-01-05,2021-07-19,11.1,1394,0.00
ANDV,2017-08-01,2018-09-28,153.5,294,178720174.98
ANDX,2017-08-01,2019-07-29,32.17,501,25037755.24
ANH,2016-01-04,2021-03-19,2.98,1312,2551605.00
AOI,2016-01-04,2018-09-11,23.95,678,643907.25
AOIL,2019-03-01,2020-02-14,21.78,243,2778.51
APB,2016-01-04,2019-01-23,11.54,769,53396.79
APF,2016-01-04,2019-04-05,16.78,820,177303.50
APHA,2018-11-02,2021-04-30,15.38,626,29564138.95
APR,2021-02-11,2022-03-28,37.5,284,9032116.81
APTI,2016-09-23,2019-01-09,37.97,577,8527027.86
APTS,2016-01-04,2022-06-23,25.0,1630,4111881.59
APU,2016-01-04,2019-08-21,31.22,915,9870536.05
AQ,2017-11-03,2019-09-18,13.24,470,3001060.21
ARA,2016-04-21,2021-01-25,11.52,1199,1695804.16
ARD,2017-03-15,2021-10-05,24.75,1149,1464204.96
ARMO,2018-01-26,2018-06-21,49.98,102,8664491.32
ARNA,2016-01-04,2022-03-10,99.99,1558,22496072.93
ARQL,2016-01-04,2020-01-15,20.0,1016,557171.07
ARRS,2016-01-04,2019-04-03,31.66,818,41508345.28
ARTA,2021-07-16,2022-05-17,10.05,212,685799.21
ARTAU,2021-05-14,2022-05-17,10.15,255,113753.16
ARTX,2016-01-04,2019-12-18,2.995,998,437011.67
ARYA,2018-12-12,2021-06-09,11.16,627,31968.00
ARYAU,2018-10-05,2020-07-01,19.5095,437,3175.55
ARYBU,2020-06-05,2020-10-27,10.39,101,270636.81
ASFI,2016-01-04,2020-09-28,13.08,1193,33632.53
ASRVP,2016-01-04,2021-10-01,27.31,1448,7212.99
AST,2016-01-04,2019-03-07,0.945,799,311440.50
ASV,2017-05-12,2019-09-11,7.04,587,48299.84
AT,2016-01-04,2021-05-14,3.02,1351,859750.60
ATH,2016-12-09,2021-12-31,83.33,1274,61236169.33
ATHN,2016-01-04,2021-12-30,9.59,1510,24167599.31
ATIS,2017-01-25,2019-11-15,0.77,709,76481.41
ATRS,2016-01-04,2022-05-23,5.59,1609,2717743.00
ATSPT,2021-04-23,2022-04-27,8.18,256,23557.50
ATSPU,2021-03-11,2022-04-27,8.1,286,11535.60
ATTU,2016-01-04,2019-05-03,23.42,839,398303.10
ATV,2016-01-04,2021-01-29,20.89,1278,49205.62
AUSE,2016-01-04,2019-03-14,53.9424,804,81557.06
AUTO,2017-10-09,2022-08-31,0.388,1233,130740.72
AVDG,2020-12-30,2022-07-11,25.745,384,2692.25
AVDR,2019-02-14,2022-07-11,24.255,857,27475.07
AWTM,2019-01-29,2022-07-15,48.4418,873,15377.67
AXE,2016-01-04,2020-06-19,97.85,1124,12061212.00
AXJL,2016-01-04,2020-05-27,56.7,1107,81760.24
AXJV,2016-01-07,2019-08-20,33.6326,911,18400.31
AXO,2018-10-01,2021-03-30,25.12,628,38229.15
AXU,2016-01-04,2022-09-06,0.4454,1681,854635.57
AYR,2016-01-04,2020-03-27,32.01,1066,7067943.75
AZPN,2016-01-04,2025-03-11,264.33,2310,42056346.30
BAF,2016-01-04,2021-03-05,14.1,1302,276475.10
BBF,2016-01-04,2021-04-09,14.42,1326,288520.05
BBIGV,2022-05-17,2022-06-29,1.4899,30,3132.39
BBK,2016-01-04,2021-03-05,15.48,1302,314578.65
BBL,2016-01-04,2022-01-28,64.18,1530,64630646.75
BBOX,2016-01-04,2019-01-04,1.09,757,916547.72
BBRC,2016-01-04,2019-06-14,15.95,868,87536.42
BCACU,2017-06-20,2022-07-29,23.2,1287,0.00
BCNA,2018-06-20,2019-10-22,20.83,338,12756.12
BCYPU,2021-01-12,2021-10-22,8.57,198,34631.43
BDCL,2016-01-04,2020-04-01,2.44,1069,1716214.23
BDCS,2016-01-04,2020-11-25,15.22,1235,280720.00
BDCY,2019-10-25,2020-12-09,9.74,284,25670.32
BDSI,2016-01-04,2022-03-22,5.59,1566,2539216.03
BDXA,2017-05-18,2020-04-30,59.24,743,10526342.56
BEL,2016-01-04,2019-04-16,24.99,827,5041951.00
BERN,2017-10-17,2019-07-29,28.82,447,0.00
BFO,2016-01-04,2020-12-15,14.2522,1248,85333.03
BFY,2016-01-04,2021-04-09,15.41,1326,134064.60
BFYT,2020-03-06,2020-08-20,31.0,117,10024414.40
BGIO,2017-02-24,2021-12-13,2.63,1210,420353.38
BHBK,2016-01-04,2019-03-29,23.9,815,1250029.00
BIKR,2018-06-21,2019-07-12,24.98,266,18312.78
BIOS,2016-01-04,2023-10-06,10.795,1954,982270.45
BJZ,2016-01-04,2018-12-14,14.46,744,110845.49
BKC,2018-05-16,2019-02-05,20.82,182,47785.33
BKEP,2016-01-04,2022-08-17,4.63,1668,294709.44
BKEPP,2016-01-04,2022-08-17,8.735,1668,105770.79
BKJ,2016-01-04,2019-12-31,17.89,1006,45324.54
BKK,2016-01-04,2020-12-15,14.62,1248,536903.74
BKS,2016-01-04,2019-08-06,6.49,904,7609634.85
BLCT,2020-07-08,2022-08-12,1.54,530,569622.90
BLH,2016-01-05,2018-12-14,14.55,743,50555.70
BLMT,2016-01-04,2019-03-29,32.84,815,333849.60
BMCH,2016-06-06,2020-12-31,53.68,1153,9411307.00
BMLP,2016-12-21,2021-03-12,42.6,1062,0.00
BMS,2016-01-04,2019-06-10,57.25,864,32317892.16
BMTC,2016-01-04,2021-12-31,45.01,1511,2235273.60
BNCL,2016-01-04,2019-02-28,16.12,794,4043943.62
BNGOU,2018-08-21,2018-09-20,7.5525,22,195702.75
BNIXU,2021-09-10,2021-11-01,10.5,37,51373.00
BNKO,2019-04-29,2020-12-16,41.77,415,0.00
BNKZ,2019-04-03,2020-11-27,15.34,419,0.00
BOCH,2016-01-04,2021-09-30,15.17,1447,280083.51
BOJA,2016-01-04,2019-01-25,16.09,771,3464818.50
BOKFL,2016-06-28,2021-08-20,25.19,1297,262109.55
BOWN,2023-08-17,2026-07-14,9.19,728,1021.00
BOWXU,2020-08-05,2021-10-20,11.18,306,136559.41
BPFH,2016-01-04,2021-06-30,14.75,1383,5755163.00
BPK,2016-01-04,2018-12-14,14.61,744,499041.57
BPL,2016-01-04,2019-10-31,41.46,965,38895851.41
BPMP,2017-10-26,2022-04-04,17.11,1117,4021803.54
BPOPN,2016-01-04,2021-10-29,25.23,1468,117569.17
BPY,2016-01-04,2021-07-26,18.59,1400,13566968.36
BPYU,2020-03-02,2021-07-26,18.52,354,10741216.11
BPYUP,2020-03-02,2021-08-18,25.2,371,973293.36
BQH,2016-01-04,2020-10-19,15.62,1208,48220.71
BRACU,2017-10-05,2025-01-22,12.0,1834,0.00
BREZU,2020-11-23,2026-06-10,10.11,41,271021.74
BRPAR,2017-12-01,2021-05-24,2.29,874,0.00
BRPAU,2017-11-20,2021-05-05,40.0,869,0.00
BRPM,2019-04-25,2022-07-19,13.02,815,2357.08
BRPMU,2021-02-19,2022-07-19,13.45,356,10742.67
BRSS,2016-01-04,2019-07-15,43.99,888,3527767.69
BSA,2018-03-26,2022-01-14,25.26,961,218186.25
BSAE,2018-10-08,2021-12-15,24.92,804,13683.12
BSCI,2016-01-04,2018-12-27,21.14,752,3016672.81
BSCJ,2016-01-04,2019-12-16,21.08,996,3537159.37
BSCK,2016-01-04,2020-12-15,21.19,1248,4842157.33
BSD,2016-01-04,2021-04-09,14.76,1326,219531.40
BSE,2016-01-04,2021-04-09,14.79,1326,140539.58
BSJI,2016-01-04,2018-12-27,25.09,752,3321511.86
BSJJ,2016-01-04,2019-12-16,23.895,996,3609952.12
BSJK,2016-01-04,2020-12-15,23.36,1248,3467179.91
BSJL,2016-01-04,2021-12-15,22.98,1500,2939853.91
BSML,2019-09-27,2021-12-15,25.195,560,56987.65
BSTC,2016-01-04,2020-12-01,88.53,1238,1939971.24
BSWN,2016-07-14,2018-06-25,10.69,491,10528.70
BT,2016-01-04,2019-09-13,10.57,931,12055351.04
BTAQ,2020-10-08,2022-03-01,10.04,351,1376104.49
BTAQU,2020-08-27,2022-02-24,10.03,377,13416.00
BTYS,2020-02-05,2020-12-08,40.36,214,0.00
BUDX,2021-09-27,2022-04-25,9.97,146,20126.69
BUY,2017-12-01,2020-10-13,17.35,721,1196.67
BUYN,2017-12-01,2020-04-29,9.69,605,0.00
BUZ,2016-04-19,2019-03-01,34.99,722,30681.56
BVSN,2016-01-04,2020-05-18,4.4148,1101,16998.30
BXG,2017-11-17,2021-05-05,9.32,870,620690.10
BZF,2016-01-04,2019-03-14,16.4022,804,81284.57
BZM,2016-01-04,2021-04-16,15.0,1331,30800.00
CADE,2017-04-13,2026-01-30,42.11,2212,27383782.75
CAHCU,2021-01-27,2021-09-24,10.75,168,60790.96
CAPAU,2020-09-04,2021-06-09,12.579,191,17578.00
CARB,2016-01-04,2019-12-23,22.98,1001,7663982.05
CARO,2016-01-04,2020-05-01,32.88,1090,1966564.71
CASM,2016-01-04,2019-04-18,2.45,829,49110.75
CATM,2016-01-04,2021-06-18,39.01,1375,14518067.60
CAVM,2016-01-04,2018-07-05,86.23,631,55924833.12
CBB,2016-01-04,2021-09-03,15.48,1429,5125397.75
CBLK,2018-05-04,2019-10-07,26.0,359,13219820.00
CBM,2016-01-04,2019-12-03,59.99,987,16857290.00
CBMG,2016-01-04,2021-02-19,19.75,1292,586589.25
CBPO,2016-01-04,2021-04-20,119.99,1333,16748712.24
CBPX,2016-01-04,2020-01-31,36.99,1027,7473069.45
CBSHP,2016-01-04,2020-08-31,25.0,1174,154814.16
CBTG,2020-12-30,2022-02-01,14.7535,275,53114.04
CCA,2016-01-04,2019-09-11,12.82,929,73396.98
CCMP,2016-01-04,2022-07-05,173.69,1637,23968662.80
CCON,2020-08-25,2021-09-17,53.0315,269,42098.06
CCR,2017-11-29,2020-12-29,4.73,776,363301.99
CCRC,2016-01-04,2021-07-06,6.5,1386,893119.23
CDK,2016-01-04,2022-07-05,54.76,1637,45650534.35
CDMOP,2018-01-08,2021-04-12,25.0602,820,51557.45
CDOR,2016-01-04,2021-12-30,7.95,1510,78615.09
CDR,2016-01-04,2022-08-22,29.0,1671,1640338.50
CEFL,2016-01-04,2020-03-26,3.64,1065,2024108.76
CELG,2016-01-04,2019-11-20,108.24,979,534984738.04
CENHU,2021-02-04,2021-09-03,8.24,148,95623.62
CEO,2016-01-04,2021-03-08,121.76,1303,15868117.85
CERN,2016-01-04,2022-06-07,94.92,1619,152889700.26
CETV,2016-01-04,2020-10-12,4.58,1203,780941.75
CEZ,2016-03-23,2021-03-25,27.66,1261,32420.02
CFACU,2020-11-13,2021-08-17,8.89,190,33770.19
CFFAU,2018-12-13,2020-11-13,10.68,485,0.00
CFFVU,2021-01-29,2022-01-25,8.87,250,39122.64
CFIIU,2020-08-27,2021-03-08,9.8,132,476843.97
CFVIU,2021-02-19,2022-09-15,12.64,397,30741.40
CFXA,2019-01-16,2022-01-14,177.71,757,1191020.25
CGROU,2020-05-01,2021-04-05,11.2,233,36564.00
CHAC,2019-03-13,2026-03-26,9.72,375,132374.88
CHEP,2016-01-06,2020-12-11,15.0,1244,0.00
CHFN,2016-01-04,2018-08-31,24.91,672,615843.49
CHIL,2018-12-11,2021-10-15,33.79,718,29289.12
CHKE,2016-01-04,2019-06-26,0.518812,876,202338.45
CHL,2016-01-04,2021-01-08,27.51,1264,37779056.33
CHLD,2021-09-09,2022-02-08,9.565,106,667.19
CHMA,2016-01-04,2021-08-05,3.76,1408,693721.19
CHNGU,2019-06-27,2022-06-29,73.71,758,206210.95
CHPM,2020-01-10,2022-04-22,10.18,576,120309.34
CHPMU,2019-11-22,2022-04-21,10.15,607,0.00
CHSP,2016-01-04,2019-09-17,27.17,933,9075206.91
CHU,2016-01-04,2021-01-08,6.03,1264,3700381.96
CHWAU,2021-08-30,2022-08-09,8.5,238,0.00
CIICU,2019-12-13,2021-03-24,27.99,321,19951.88
CISN,2017-06-30,2020-01-30,9.99,650,5283909.85
CIT,2016-01-04,2022-01-03,53.5,1512,49967337.08
CIVI,2016-01-04,2026-01-29,27.38,2533,1921839.90
CJ,2017-03-06,2019-10-30,7.36,670,16845127.41
CKH,2016-01-04,2021-04-15,41.5,1330,5066025.17
CLAQR,2021-08-04,2022-09-12,0.28,279,68.15
CLAQU,2021-07-15,2022-09-07,6.62,290,0.00
CLCT,2016-01-04,2021-02-05,91.92,1283,797653.73
CLDB,2019-03-08,2021-10-29,29.15,669,20837.70
CLDR,2017-04-28,2021-10-07,15.99,1120,38300987.64
CLDS,2021-01-08,2022-09-23,38.51,431,82972.74
CLGX,2016-01-04,2021-06-03,80.0,1364,24148890.36
CLMA,2021-07-21,2022-06-10,15.8142,226,9850.85
CLNS,2017-01-11,2018-06-22,6.41,365,42580463.66
CMD,2016-01-04,2021-06-01,80.37,1362,16327183.44
CMFNL,2018-07-13,2021-04-20,25.08,697,47594.00
CMLFU,2020-09-02,2021-07-22,13.0,223,462794.80
CMLTU,2021-04-07,2021-12-17,8.87,179,324124.41
CMO,2016-01-04,2021-10-18,6.5,1459,5799313.38
CMPI,2020-08-07,2022-05-27,10.5,456,217484.29
CMSS,2017-11-06,2019-05-01,2.81,372,35629.04
CMSSU,2017-10-26,2019-05-01,3.11,379,0.00
CMTA,2017-08-02,2019-04-17,26.35,430,834511.41
CNBKA,2016-01-04,2021-11-12,115.29,1478,487347.90
CNDF,2016-05-16,2018-08-15,34.34,568,0.00
CNHX,2016-01-05,2020-01-06,27.4,1008,0.00
CNSF,2016-05-27,2018-08-15,25.33,559,0.00
CNST,2018-07-19,2021-07-14,33.99,752,8202127.34
CNXM,2018-01-04,2020-09-25,9.16,687,4115909.10
CNY,2016-01-04,2020-03-30,43.5,1067,12456.54
COBZ,2016-01-04,2018-09-28,22.14,691,1651275.45
COEP,2022-10-31,2026-04-24,16.4,873,151772.16
COMG,2017-05-25,2019-11-15,21.83,625,12818.20
CONE,2016-01-04,2022-03-24,90.36,1568,60628702.62
CORE,2016-01-04,2021-09-01,45.65,1427,9605597.32
CORV,2018-05-17,2020-05-26,0.4199,509,397085.85
COTV,2016-05-26,2018-08-24,44.74,567,10886326.37
COWNZ,2017-12-15,2021-04-22,25.19,842,222404.54
CPAAU,2016-07-15,2023-08-11,10.26,1781,0.00
CPAH,2016-01-04,2021-02-26,3.48,1297,21816.00
CPL,2016-01-04,2020-01-27,17.36,1023,1631601.16
CPLG,2018-05-31,2022-03-02,15.98,946,3033677.83
CPTAG,2017-06-02,2022-05-27,24.96,1257,60701.25
CPTAL,2017-05-23,2022-05-27,24.96,1264,83707.45
CQH,2016-01-04,2018-09-19,32.07,684,2725285.63
CRAY,2016-01-04,2019-09-24,35.01,938,7965732.04
CRCM,2016-01-04,2020-02-10,15.0,1033,3261050.14
CRHM,2016-01-04,2021-04-22,3.99,1335,213689.06
CROC,2016-01-04,2022-05-02,50.7233,1594,53362.04
CROP,2016-01-04,2020-08-05,32.24,1156,21825.08
CRZO,2016-01-04,2019-12-20,7.83,1000,50963148.47
CSFL,2016-01-04,2020-06-05,18.14,1114,10125261.71
CSLT,2016-01-04,2022-02-16,2.05,1543,1083706.72
CSOD,2016-01-04,2021-10-14,57.49,1457,22908561.10
CSPR,2020-02-06,2022-01-24,6.78,496,3798778.62
CSS,2016-01-04,2020-03-03,9.4,1048,527175.13
CSWCL,2017-12-18,2021-01-20,25.15,777,78389.61
CTB,2016-01-04,2021-06-04,60.17,1365,17078174.50
CTEK,2017-09-08,2022-08-31,1.25,1254,73914.23
CTRL,2016-01-04,2019-07-31,23.91,900,6068446.04
CTRU,2021-12-08,2022-07-26,12.897,158,161538.53
CTT,2016-01-04,2022-09-14,10.37,1687,2093670.00
CTV,2016-01-04,2025-02-12,3.14,2292,626574.84
CTWS,2016-01-04,2019-10-09,69.98,949,2161414.66
CTY,2016-01-04,2020-12-11,25.05,1246,1328033.42
CTZ,2016-01-04,2020-10-23,25.19,1212,876544.74
CUMB,2017-01-18,2019-04-12,24.8104,563,49610.28
CUO,2016-01-07,2020-05-11,8.63,1093,16074.56
CUR,2016-01-04,2019-10-31,1.52,965,140803.65
CVA,2016-01-04,2021-11-29,20.26,1488,13410045.10
CVON,2018-02-23,2019-01-03,12.44,217,587248.50
CVRR,2016-01-04,2019-01-28,10.49,772,5800304.21
CVRS,2016-01-04,2019-10-28,4.27,962,627211.05
CWAY,2016-01-04,2018-10-05,28.24,696,61594.63
CXO,2016-01-04,2021-01-15,65.6,1269,180877954.56
CXP,2016-01-04,2021-12-07,19.28,1494,13371103.07
CY,2016-01-04,2020-04-15,23.82,1078,82595859.71
CYOU,2016-01-04,2020-04-17,10.74,1080,3248743.53
CYTX,2016-01-04,2019-07-26,0.2077,897,195435.91
CZFC,2016-01-04,2019-06-28,25.68,878,19800.99
CZZ,2016-01-04,2021-03-05,20.29,1302,10762609.06
DATA,2016-01-04,2019-07-31,169.53,900,71189898.03
DAUD,2017-12-12,2020-10-29,26.81,726,6111.64
DBDRU,2020-11-06,2021-12-27,10.9,286,11008.15
DBKO,2016-01-04,2019-11-12,26.98,973,44965.20
DBUK,2016-01-05,2019-04-30,21.74,835,0.00
DCHF,2017-12-12,2020-10-30,20.85,727,0.00
DCRBU,2020-10-20,2021-07-16,11.15,186,115702.65
DCRCU,2021-03-24,2021-12-08,14.785,181,123670.40
DCRNU,2021-02-04,2022-01-13,9.8,239,218343.51
DCT,2016-01-04,2023-03-29,18.99,1822,18293665.74
DCUD,2016-08-18,2019-08-14,49.75,752,4230022.89
DCUE,2019-06-19,2022-05-31,101.61,744,4697785.12
DDBI,2016-01-04,2019-03-15,26.4617,805,8545.46
DDE,2016-01-04,2019-03-28,2.64,814,28367.00
DDG,2016-01-04,2022-05-02,10.6017,1594,39280.08
DDMX,2019-01-02,2021-11-30,9.42,735,0.00
DDMXU,2018-10-12,2021-11-30,10.1,789,0.00
DEACU,2019-05-10,2020-04-23,19.37,241,202678.56
DEFA,2016-01-08,2021-08-23,33.4299,1416,0.00
DEFN,2020-11-25,2021-10-28,24.678,233,2679.22
DELT,2016-01-07,2019-02-14,1.1,782,66474.52
DEMG,2016-04-19,2019-11-12,23.75,900,5540.33
DESC,2016-06-28,2019-11-12,34.7096,851,19960.64
DEUR,2017-12-12,2020-10-30,28.28,727,52417.20
DEWJ,2016-01-08,2019-08-06,25.6239,900,0.00
DEZU,2016-01-08,2019-08-16,25.89,908,0.00
DFBHU,2018-02-16,2019-11-08,10.05,436,0.00
DFHTU,2020-07-17,2021-06-08,15.65,225,36500.00
DFPHU,2020-03-11,2021-11-10,10.26,423,0.00
DFRG,2016-01-04,2019-09-24,7.98,938,2853231.05
DFVL,2016-01-04,2021-07-09,83.765,1389,0.00
DFVS,2016-01-04,2021-07-09,16.245,1389,0.00
DGBP,2017-12-12,2020-10-30,24.6001,727,7038.06
DGSE,2016-01-04,2019-12-17,1.4,997,16244.25
DHCP,2016-01-04,2018-11-06,0.9776,718,596064.39
DHVW,2016-01-04,2019-04-04,32.43,819,160275.00
DIET,2019-11-14,2020-05-21,22.47,130,33404.15
DISCB,2016-01-04,2022-04-08,24.45,1579,0.00
DISCK,2016-01-04,2022-04-08,24.42,1579,67417393.45
DIVA,2016-01-05,2022-06-13,26.2229,1622,1491.65
DIVC,2016-01-04,2020-10-30,30.7,1217,0.00
DJCI,2016-01-04,2020-12-09,13.77,1244,37101.64
DJPY,2017-12-12,2020-10-30,19.3531,727,0.00
DL,2016-01-04,2021-03-18,9.73,1311,257428.21
DLBR,2017-08-16,2020-04-16,40.83,671,0.00
DLBS,2016-01-04,2020-03-06,4.26,1051,41298.51
DLPH,2016-01-04,2020-10-01,17.02,1196,53742454.98
DM,2016-01-04,2025-04-01,4.96,2325,4265529.30
DMAQU,2021-10-27,2021-11-30,10.11,24,548669.35
DMRE,2019-03-21,2022-04-07,46.0966,770,0.00
DMRI,2017-08-02,2022-04-07,46.68,1180,9586.65
DMRL,2017-08-02,2022-04-07,74.0099,1180,91595.54
DMRM,2017-08-02,2022-04-07,55.2224,1180,14602.63
DMRS,2017-08-02,2022-04-07,53.4943,1180,22543.85
DNB,2016-01-04,2025-08-25,9.15,2425,28385558.40
DNBF,2016-01-04,2019-11-29,46.19,985,125304.50
DNK,2020-01-17,2021-03-15,2.367,291,175973.28
DNKN,2016-01-04,2020-12-14,106.48,1247,61524150.00
DNO,2016-01-04,2018-09-06,46.08,675,404832.96
DOGS,2018-01-04,2020-05-04,31.96,586,0.00
DOVA,2017-06-29,2019-11-11,28.04,597,2928802.50
DPHCU,2019-02-28,2020-10-23,20.4499,419,0.00
DPK,2016-01-04,2020-03-27,15.77,1066,84656.67
DPLO,2016-01-04,2020-02-07,4.0,1032,12086255.75
DQML,2018-11-01,2019-10-22,25.89,244,2702.89
DRNA,2016-01-04,2021-12-27,38.22,1507,5750935.92
DRR,2016-01-04,2020-04-29,65.0,1088,17147.28
DRUA,2016-07-25,2021-08-30,25.09,1285,1432610.55
DRYS,2016-01-04,2019-10-10,5.24,950,3117895.71
DSE,2016-01-04,2021-06-21,9.49,1376,559902.88
DSPG,2016-01-04,2021-12-02,21.98,1491,1258758.33
DSSI,2019-03-28,2021-07-15,9.69,580,2886905.83
DSUM,2016-01-04,2019-02-20,22.18,788,286654.50
DTJ,2016-06-01,2021-06-29,25.0909,1279,529744.16
DTO,2016-01-04,2020-05-18,56.21,1101,451785.60
DTQ,2016-01-04,2020-10-21,25.17,1210,233185.20
DTRM,2016-01-04,2018-12-19,0.2902,747,25212.96
DTUL,2016-01-04,2020-06-08,72.83,1115,0.00
DTUS,2016-01-04,2020-07-30,21.12,1152,8255.74
DTV,2016-10-11,2019-09-30,58.01,747,2579578.28
DTY,2016-12-08,2021-12-14,24.99,1263,422911.23
DTYL,2016-02-17,2020-08-06,99.15,1127,0.00
DTYS,2016-01-04,2020-03-09,4.8,1052,338850.00
DUAL,2020-08-12,2020-12-29,25.48,97,0.00
DUC,2016-01-04,2021-03-05,10.62,1302,279447.67
DVD,2016-01-04,2021-12-21,3.61,1504,22906.70
DVHL,2016-01-04,2020-03-25,4.1526,1064,128910.49
DVMT,2016-09-07,2018-12-27,80.0,581,102392637.10
DVOP,2019-12-27,2020-04-27,18.375,83,2525.35
DVYL,2016-01-04,2020-03-31,29.6549,1068,175022.42
DWAQ,2016-01-04,2020-02-14,137.3218,1037,109910.46
DWDP,2017-09-01,2019-05-31,30.52,438,602328501.08
DWFI,2016-06-02,2021-03-17,25.8,1206,345586.30
DWIN,2016-03-10,2022-09-15,8.4,1642,221372.38
DWLV,2016-07-15,2019-02-20,30.974,654,52847.19
DWT,2016-12-09,2020-04-02,14.75,833,70786373.56
DWTR,2016-01-04,2020-02-14,35.319,1037,336559.20
DXJF,2016-01-04,2019-03-14,20.95,804,179440.67
DYB,2016-01-04,2020-01-17,19.82,1018,43453.17
DYFN,2020-06-26,2022-07-29,17.35,527,191800.14
DYHG,2020-06-11,2022-01-14,61.2433,404,1686.24
DYLS,2016-01-04,2020-05-27,21.69,1107,354680.83
DZK,2016-01-04,2020-10-16,44.21,1207,184855.11
EAB,2016-01-04,2020-10-13,25.14,1204,169261.67
EAE,2016-01-04,2020-10-13,25.13,1204,137362.36
EAGLU,2016-01-04,2019-03-15,10.3,805,1540.66
EASI,2018-06-14,2020-07-02,21.04,517,89244.64
EBAYL,2016-03-10,2021-02-26,25.14,1251,1469970.98
EBSB,2016-01-04,2021-11-12,24.15,1478,2740902.78
ECA,2016-01-04,2020-01-24,3.79,1022,111316436.13
ECCB,2016-10-13,2022-02-25,24.99,1352,91158.66
ECCY,2017-08-09,2022-02-11,25.19,1137,38505.00
ECOL,2016-01-04,2022-04-29,47.99,1593,5447542.10
ECYT,2016-01-04,2018-12-20,23.99,748,926566.14
EDBI,2016-01-04,2019-03-15,27.4732,805,9705.82
EDOM,2017-03-24,2019-03-14,24.32,496,20920.06
EDR,2016-01-04,2025-03-21,29.25,2318,21313103.54
EDTXU,2018-10-05,2023-08-31,57.22,1234,0.00
EEB,2016-01-04,2020-02-14,39.2,1037,201456.45
EEH,2016-01-04,2022-08-04,32.2919,1659,0.00
EEI,2016-01-04,2019-12-30,15.45,1005,37775.22
EEP,2016-01-04,2018-12-19,10.43,747,23231147.00
EEQ,2016-01-04,2018-12-19,10.51,747,5878586.61
EERN,2021-07-27,2022-08-29,3.37,276,67.13
EFF,2016-01-04,2021-06-18,16.33,1375,347644.86
EFII,2016-01-04,2019-07-22,36.97,893,16853029.69
EGC,2018-03-21,2018-10-18,9.1,148,4058598.49
EGIF,2016-01-04,2020-07-27,12.55,1149,264603.36
EGL,2016-01-04,2019-01-11,29.1,762,3826052.36
EGOV,2016-01-04,2021-04-20,34.0,1333,7412696.30
EHIC,2016-01-04,2019-04-09,12.2,822,856054.53
EHT,2016-05-26,2021-06-25,9.84,1280,437299.63
EIA,2016-01-04,2018-12-14,10.18,744,116085.06
EIDX,2018-06-20,2021-01-25,122.21,654,4405012.42
EIGI,2016-01-04,2021-02-10,9.49,1286,3628844.50
EIO,2016-01-04,2019-01-18,11.71,767,38910.00
EIP,2016-01-04,2019-01-18,11.7408,767,47504.40
EIV,2016-01-04,2019-03-22,11.93,810,303696.58
EJFAU,2021-02-25,2022-06-22,6.0825,334,15877.35
ELJ,2016-01-04,2020-12-15,25.27,1248,189380.45
ELLI,2016-01-04,2019-04-16,98.99,827,40565385.89
ELON,2016-01-04,2025-10-06,21.8829,2454,0.00
ELU,2016-01-04,2020-12-15,25.08,1248,139996.82
EMAG,2016-01-04,2021-10-15,20.375,1458,2657.19
EMBH,2016-01-15,2022-08-22,21.1558,1662,8216.08
EMBKW,2021-11-11,2023-08-01,0.0106,431,2834.46
EMBU,2017-08-22,2018-08-30,20.59,259,0.00
EMCG,2016-01-04,2025-08-20,11.0,2422,10553.76
EMCI,2016-01-04,2019-09-19,36.01,935,544452.98
EMI,2016-01-04,2018-12-14,12.35,744,25182.93
EMJ,2016-01-04,2019-01-18,12.06,767,72476.17
EMSH,2016-01-04,2022-05-02,64.7331,1594,367.45
ENBL,2016-01-04,2021-12-02,7.05,1491,5535957.06
ENFAU,2021-01-12,2021-12-03,9.01,227,89271.48
ENFC,2016-01-04,2019-12-31,30.16,1006,266852.56
ENLK,2016-01-04,2019-01-25,12.05,771,12688891.85
ENNVU,2021-02-09,2022-02-03,7.4,250,43168.92
ENVIU,2021-01-14,2022-02-02,8.75,266,70512.14
ENY,2016-01-04,2019-02-20,6.9,788,48195.20
EPAY,2016-01-04,2022-05-12,56.99,1602,12482767.29
EPZM,2016-01-04,2022-08-11,1.47,1664,6691342.75
EQD,2020-11-06,2022-09-16,10.02,468,426553.33
EQGP,2016-01-04,2019-01-10,19.97,761,3140366.21
EQM,2016-01-04,2020-06-16,21.43,1121,25193828.53
EQWS,2016-01-04,2019-02-20,43.445,788,24851.03
ERGF,2016-06-16,2018-08-15,28.25,546,0.00
ERUS,2016-01-04,2022-03-03,8.06,1553,8062181.66
ESBK,2016-01-04,2022-05-13,23.08,1603,43876.40
ESGF,2016-10-31,2020-02-14,30.7572,828,9201.84
ESGL,2016-11-01,2026-03-09,3.23,2349,3271.32
ESGW,2016-06-13,2020-03-20,22.94,950,0.00
ESIO,2016-01-04,2019-02-01,29.99,776,2727607.04
ESL,2016-01-04,2019-03-13,122.49,803,15310336.80
ESND,2016-01-04,2019-01-30,12.8,774,3997130.67
ESNG,2020-02-06,2021-09-17,70.01,408,3769.73
ESRX,2016-01-04,2018-12-20,92.33,748,287853930.42
ESXB,2016-01-04,2021-12-03,11.3,1492,231964.47
ETAC,2020-09-18,2022-09-02,10.06,494,766871.76
ETACU,2020-07-31,2022-09-02,10.08,528,27555.10
ETFC,2016-01-04,2020-10-01,49.26,1196,119659601.57
ETP,2016-01-04,2018-10-18,21.47,705,121259908.74
ETTX,2018-09-26,2022-07-08,2.19,952,193467.86
EUCG,2021-01-05,2022-07-28,19.98,394,54068.03
EUFL,2016-07-27,2020-03-27,11.92,924,10612.99
EUFX,2016-01-04,2022-05-02,48.535,1594,17294.98
EUMF,2019-04-02,2020-05-27,25.61,291,0.00
EUMV,2016-01-04,2020-08-17,25.9,1164,128479.09
EURZ,2017-10-30,2022-03-07,20.7751,1095,0.00
EUSGU,2021-01-22,2021-12-22,10.4559,233,49073.94
EUXL,2017-07-12,2019-10-11,19.38,568,28208.05
EV,2016-01-04,2025-04-17,21.845,2337,19713877.80
EVHC,2016-01-04,2018-10-10,45.99,699,84751180.35
EVIX,2017-05-03,2020-04-08,11.25,739,6034.54
EVJ,2016-01-04,2019-02-22,12.15,790,120113.55
EVLVU,2021-07-19,2021-08-24,9.83,27,9243.75
EVP,2016-01-04,2019-01-18,11.4589,767,40276.82
EVSTC,2016-02-26,2022-07-15,99.96,1608,0.00
EVY,2016-01-04,2021-08-20,15.17,1419,123042.05
EWEM,2016-01-04,2020-02-14,31.279,1037,18073.49
EWJE,2019-03-07,2022-08-22,31.945,873,13454.52
EXCVV,2022-01-19,2022-02-01,41.4,10,6067384.49
EXFO,2016-01-04,2021-08-27,6.245,1424,69995.42
EXIV,2017-05-03,2020-04-08,7.45,739,237293.40
EXPCU,2019-09-13,2021-05-07,9.5,416,0.00
EZT,2016-01-04,2020-10-30,25.22,1217,98141.38
FANZ,2017-07-11,2019-01-15,21.41,382,18961.95
FATT,2021-05-25,2022-01-21,22.7143,168,1545.01
FAUS,2016-01-05,2020-10-29,27.405,1215,0.00
FBM,2017-02-10,2021-01-28,19.24,998,2611868.91
FBR,2016-01-04,2019-01-03,17.01,756,14940112.33
FBSS,2016-01-04,2021-03-31,21.28,1320,17677.98
FBYDP,2023-10-09,2023-11-06,14.32,21,54172.44
FCACU,2020-09-22,2021-07-01,9.55,196,237198.39
FCAN,2016-01-04,2020-10-28,20.68,1215,13925.74
FCB,2016-01-04,2018-12-31,33.58,754,11448898.01
FCBP,2018-05-01,2021-07-21,29.1,812,389842.50
FCCY,2016-01-04,2022-01-06,27.79,1515,180577.00
FCRW,2020-08-04,2021-12-21,25.33,350,15135.48
FCRZ,2020-08-05,2021-06-18,25.27,220,28459.95
FCSC,2016-01-04,2019-12-12,3.0,994,179628.54
FDC,2016-01-04,2019-07-26,31.69,897,94239255.20
FDUSG,2019-10-17,2021-11-01,25.01,515,49693.04
FDUSL,2018-02-05,2021-01-19,25.31,744,43172.34
FDUSZ,2019-02-11,2021-11-01,25.17,688,71504.90
FEUL,2018-05-22,2021-12-20,110.0458,903,12571.25
FFEU,2018-03-27,2020-12-10,90.03,684,584562.68
FFG,2016-01-04,2021-05-25,60.99,1358,1717599.95
FFKT,2016-01-04,2018-08-20,56.9,663,581351.40
FHK,2016-01-04,2020-10-28,34.74,1215,14252.70
FHY,2016-01-04,2018-06-22,11.9,623,335023.52
FIEU,2016-01-04,2018-09-06,117.18,675,141674.21
FIIIU,2020-08-19,2021-06-25,11.11,215,143692.02
FINU,2016-01-04,2020-03-27,24.33,1066,586721.90
FINZ,2016-01-05,2020-03-27,6.12,1065,33350.01
FIT,2016-01-04,2021-01-13,6.93,1267,35838567.45
FIV,2016-12-22,2021-12-09,9.73,1250,765625.42
FJNK,2019-10-24,2021-07-30,25.515,445,0.00
FKO,2016-01-07,2020-10-30,20.18,1214,7341.50
FLAT,2016-01-04,2020-06-03,69.8,1112,0.00
FLGE,2016-01-04,2021-12-22,809.5292,1505,1106949.84
FLIO,2017-01-27,2020-03-12,25.975,786,0.00
FLIR,2016-01-04,2021-05-13,57.34,1350,43582607.65
FLLC,2019-10-31,2020-03-04,9.95,85,19900.00
FLLCU,2019-07-25,2020-03-04,10.15,154,49955.50
FMBI,2016-01-04,2022-02-15,21.51,1542,11854943.31
FMCIU,2017-04-07,2020-10-13,34.02,886,0.00
FMDG,2017-08-21,2018-12-13,23.15,332,17344.97
FMK,2016-01-04,2020-12-11,42.73,1246,39898.09
FMO,2016-01-04,2022-03-04,12.12,1554,1309857.20
FNBG,2017-04-13,2018-07-06,37.82,310,320347.84
FNCF,2016-05-31,2018-08-15,34.52,558,14704.66
FNGZ,2018-08-02,2021-12-16,2.43,851,25479.68
FNJN,2016-01-04,2020-07-23,1.54,1147,188457.28
FNSR,2016-01-04,2019-09-23,23.77,937,43396860.13
FNTEU,2017-01-20,2018-07-25,10.8,381,2046.70
FOE,2016-01-04,2022-04-21,22.01,1587,8520431.20
FOMX,2016-01-04,2020-03-06,2.99,1051,870876.60
FONE,2016-01-04,2019-05-29,45.91,856,36148.79
FOREU,2021-02-10,2021-12-01,9.92,205,82030.80
FORK,2016-01-04,2020-11-20,2.34,1232,21751.15
FOUNU,2021-10-15,2022-08-15,9.76,209,22136.40
FPRX,2016-01-04,2021-04-15,38.0,1330,7565554.16
FRAK,2016-01-04,2021-10-15,157.5,1458,162765.03
FRLG,2018-04-03,2022-02-14,300.82,976,1634305.75
FRN,2016-01-04,2020-02-14,14.28,1037,242943.04
FRTA,2016-10-20,2022-03-17,24.0,1361,3789888.20
FSB,2016-01-04,2020-08-14,30.48,1163,2127626.22
FSCT,2017-10-27,2020-08-14,28.99,704,17563647.71
FSKR,2020-06-17,2021-06-16,21.56,252,9629444.37
FSLF,2020-05-21,2021-06-28,15.78,278,343396.37
FSNN,2016-01-04,2019-04-24,0.1315,832,136809.09
FSRVU,2019-11-01,2021-06-09,17.66,403,6658.10
FST,2020-10-12,2022-08-25,10.18,472,820427.88
FTAC,2019-01-18,2020-10-16,11.37,441,108424.50
FTACU,2018-11-16,2020-10-13,11.5,479,5450.00
FTAIV,2022-07-25,2022-08-01,19.5,6,3252.29
FTEO,2016-07-01,2020-02-12,5.59,910,0.00
FTIVU,2020-09-25,2021-06-24,14.14,188,36288.00
FTNW,2017-12-14,2019-12-11,1.5,501,253163.10
FTOCU,2020-08-26,2021-06-25,11.65,210,478223.72
FTSI,2018-02-02,2022-03-04,26.49,1029,2512616.12
FTSV,2018-06-28,2020-04-06,95.51,446,2127134.06
FUD,2016-01-04,2020-12-09,17.02,1244,4162.90
FUT,2016-02-18,2022-05-02,41.9297,1563,4022.00
FVL,2016-01-04,2020-12-11,23.165,1246,65060.82
FWDD,2016-01-05,2019-03-22,50.81,809,19876.00
FXCH,2016-01-06,2020-02-14,69.6791,1035,0.00
FXCOU,2021-12-10,2022-01-05,10.35,18,23020.66
FXS,2016-01-04,2020-02-14,94.48,1037,59598.43
FXSG,2016-01-04,2020-02-14,70.13,1037,0.00
GAINL,2018-08-23,2025-12-15,25.219,1838,82313.30
GAINM,2016-09-27,2021-03-02,25.06,1114,63691.49
GARD,2016-01-14,2020-03-27,22.6,1058,4508.55
GARS,2016-01-04,2020-10-27,3.88,1214,300702.68
GASL,2016-01-04,2020-03-27,6.34,1066,4923496.24
GASX,2016-01-04,2020-03-27,16.0,1066,826050.38
GBBKU,2022-05-10,2022-06-15,10.0,26,811500.42
GBDCR,2020-04-13,2020-05-06,0.5115,18,299929.51
GBDV,2019-12-27,2022-08-22,23.4425,668,5953.04
GBGR,2020-07-24,2022-08-22,16.7292,524,4758.64
GBLIZ,2016-01-04,2020-08-14,24.9925,1163,122923.71
GBLL,2022-01-03,2022-04-14,24.99,72,140856.16
GBLO,2020-07-24,2022-08-22,26.5646,524,2496.65
GBNK,2016-01-04,2018-12-31,20.75,754,2206853.65
GBUY,2019-03-07,2025-07-18,37.89,1601,58254.75
GCACU,2021-01-29,2022-02-10,8.7,262,43145.50
GCAP,2016-01-04,2020-07-30,6.04,1152,1395903.87
GCP,2016-02-04,2022-09-26,32.01,1673,10311213.23
GDAT,2019-03-07,2020-11-06,72.66,424,130410.82
GDNA,2019-03-07,2020-11-06,68.56,424,82562.23
GDP,2016-01-04,2021-12-22,23.02,1505,200718.00
GDVD,2017-05-10,2024-08-28,25.855,1838,14531.92
GDXS,2016-01-04,2019-08-05,7.0759,903,164641.56
GDXX,2016-01-04,2019-08-05,54.16,903,380911.05
GECCL,2017-09-25,2021-07-22,25.35,963,56476.72
GFED,2016-01-04,2022-03-31,31.43,1573,24554.32
GFIN,2019-03-07,2020-11-06,66.9509,424,100990.66
GFN,2016-01-04,2021-05-25,19.01,1358,172941.61
GFNCP,2016-01-05,2021-06-23,101.21,1377,62062.00
GFNSL,2016-01-04,2021-01-14,25.43,1268,53009.27
GFNSZ,2020-11-02,2021-06-23,28.46,161,264578.20
GFY,2016-01-04,2020-11-20,16.29,1232,84763.89
GG,2016-01-04,2019-04-17,11.19,828,109432046.09
GGGV,2021-08-17,2022-07-06,10.13,223,3419.36
GGGVR,2021-08-17,2022-07-06,0.0041,223,64.85
GGGVU,2021-07-01,2022-07-05,10.08,254,0.00
GGO,2016-11-02,2021-10-25,16.2,1253,0.00
GGP,2016-01-04,2018-08-27,22.06,668,130180665.82
GGPIU,2021-03-23,2022-06-23,11.63,317,153168.30
GHDX,2016-01-04,2019-11-07,63.44,970,7093138.20
GHII,2016-01-04,2020-02-14,28.8453,1037,126838.35
GHIV,2020-03-24,2021-01-21,11.54,210,560557.29
GHIVU,2020-01-24,2021-01-21,12.39,251,93758.19
GHVIU,2020-12-11,2021-07-22,15.84,153,226502.10
GIGGU,2021-02-09,2026-05-22,9.94,1328,0.00
GIPRU,2021-09-03,2021-10-01,9.5,20,84142.50
GLACU,2018-07-25,2025-04-04,11.0,1684,0.00
GLADD,2018-11-08,2021-01-06,25.28,543,61892.84
GLADL,2019-10-15,2021-10-29,24.99,516,23651.50
GLAQU,2020-12-11,2022-06-06,9.23,373,1954.80
GLBY,2018-12-13,2020-05-27,26.7,365,0.00
GLIBP,2018-03-12,2020-12-18,28.44,701,132497.81
GLOG,2016-01-04,2021-06-08,5.79,1367,5796004.50
GLSPT,2021-05-10,2022-07-13,14.01,297,27675.84
GLSPU,2021-04-09,2022-07-13,12.97,318,0.00
GLUU,2016-01-04,2021-04-28,12.5,1339,14847598.08
GMAN,2016-01-04,2020-11-06,77.95,1222,11540.61
GMBTU,2021-01-20,2022-03-31,9.9,303,118582.20
GMFL,2017-06-20,2019-02-20,27.3,420,0.00
GMHIU,2019-02-01,2020-12-02,19.51,464,18572.00
GMIIU,2021-01-20,2022-01-18,8.71,252,299448.93
GMLP,2016-01-04,2021-04-15,3.55,1330,3882975.03
GMTA,2016-05-18,2021-05-28,25.03,1267,293468.76
GMZ,2016-01-04,2020-09-25,8.09,1192,1313386.79
GNAF,2018-08-02,2021-12-16,12.72,851,27550.07
GNBC,2016-01-04,2018-12-31,17.14,754,2659081.65
GNMK,2016-01-04,2021-04-21,24.04,1334,2513195.48
GNOG,2020-12-30,2022-05-04,5.78,339,11594576.14
GNRX,2016-01-13,2019-04-04,22.416,812,10025.78
GOAC,2020-09-25,2022-08-16,10.01,476,549318.00
GOBI,2021-06-29,2022-07-29,10.0,274,0.00
GOODM,2016-06-06,2021-06-29,25.01,1276,109101.43
GOV,2016-01-04,2018-12-31,6.87,754,13140073.74
GPAQ,2018-03-12,2020-07-01,12.0,582,1306.05
GPAQU,2018-01-25,2020-07-01,14.46,613,0.00
GPCOR,2021-08-05,2022-09-16,0.9,282,20.33
GPCOU,2021-06-22,2022-09-16,9.82,313,0.00
GPIC,2016-01-05,2019-05-01,13.75,836,14304.47
GPM,2016-01-04,2021-10-22,9.89,1463,1087145.80
GPX,2016-01-04,2021-10-14,20.85,1457,770003.28
GRA,2016-01-04,2021-09-21,69.99,1440,36846209.80
GRBIC,2018-02-21,2019-02-26,99.99,255,0.00
GRMY,2017-10-30,2019-04-30,21.19,376,0.00
GRNVR,2019-12-09,2021-08-13,1.34,424,1370.59
GRNVU,2019-11-19,2021-08-13,15.64,437,0.00
GRSHU,2016-01-04,2020-02-10,12.0,1033,0.00
GRSVU,2020-08-06,2021-08-04,11.39,251,222285.18
GRUB,2021-06-15,2022-03-11,6.72,188,30291679.61
GSAQ,2021-03-01,2022-07-26,10.0,355,54335.66
GSAQU,2021-01-08,2022-07-22,9.99,387,7495.29
GSB,2016-01-04,2020-08-27,9.48,1172,200596.35
GSD,2021-09-28,2024-01-23,11.25,583,7686.70
GSKY,2018-05-24,2022-03-29,10.2,969,7542283.84
GSLD,2019-11-22,2022-07-15,25.72,665,221334.22
GSS,2016-01-04,2022-01-27,3.9,1529,1282367.56
GSUM,2016-09-23,2021-03-25,1.95,1133,279900.54
GSV,2016-01-04,2022-08-11,0.402,1664,461484.31
GTS,2016-01-04,2022-01-31,35.99,1531,2833526.81
GTYH,2016-11-18,2022-07-06,6.3,1415,337546.89
GTYHU,2016-10-27,2019-02-15,10.3987,579,4400.00
GUDB,2017-10-31,2020-12-28,49.19,795,0.00
GULF,2016-01-04,2020-05-27,16.335,1107,79656.91
GV,2022-05-17,2026-07-30,0.14,1054,84416.94
GWACU,2020-10-20,2020-12-04,9.99,33,624059.41
GWB,2016-01-04,2022-01-31,30.88,1531,11545539.96
GWIIU,2021-07-12,2021-08-20,9.8982,30,102340.89
GWPH,2016-01-04,2021-05-04,218.96,1343,47102223.60
GWR,2016-01-04,2019-12-27,111.88,1004,35311400.77
GXGXU,2019-05-21,2021-07-16,11.63,544,7608.07
GYC,2016-01-04,2021-02-11,25.05,1287,19383.20
HABT,2016-01-04,2020-03-18,13.98,1059,3971396.15
HACV,2016-01-08,2018-07-27,30.0118,643,0.00
HACW,2016-01-04,2018-08-15,29.63,660,0.00
HAHA,2016-01-06,2018-09-21,27.37,684,0.00
HAUD,2016-01-05,2020-08-17,24.36,1163,0.00
HBANN,2016-08-19,2021-10-15,25.09,1299,81319.91
HBANO,2016-03-28,2021-07-15,25.02,1336,908288.47
HBK,2016-01-04,2019-04-30,15.76,836,8432.47
HBMD,2016-01-04,2022-01-21,23.3,1525,315593.95
HBP,2016-01-04,2022-05-02,10.7,1594,268364.26
HCAP,2016-01-04,2021-06-08,9.66,1367,190663.20
HCAPZ,2017-08-31,2021-07-23,25.1505,980,35509.69
HCCCU,2021-01-15,2022-03-07,12.875,287,40551.00
HCCH,2018-07-18,2020-12-09,23.31,605,0.00
HCCHR,2018-07-18,2020-12-09,2.3,605,0.00
HCCHU,2018-06-28,2020-12-07,39.6,616,0.00
HCCOU,2019-12-13,2020-10-29,10.31,222,33102.32
HCRF,2016-06-13,2018-08-15,35.01,549,17210.42
HCXZ,2018-05-03,2021-06-30,25.2,796,107845.18
HDLV,2016-01-04,2020-03-24,6.55,1063,135090.56
HDP,2016-01-04,2019-01-02,14.68,755,11030246.40
HDS,2016-01-04,2020-12-23,55.99,1254,66441634.59
HECCU,2020-06-09,2021-06-22,9.0,262,198540.00
HEFV,2016-01-04,2018-08-15,27.6,660,9486.30
HEMV,2016-01-08,2018-08-15,26.76,656,0.00
HEUS,2016-01-08,2018-08-07,30.56,650,0.00
HEWI,2016-01-04,2020-08-17,15.68,1164,10735.85
HEWL,2016-01-04,2020-08-17,30.02,1164,2265.25
HEWP,2016-01-04,2020-08-17,17.495,1164,41851.75
HEWW,2016-01-20,2021-08-23,18.095,1409,0.00
HEWY,2016-01-06,2020-08-17,23.68,1162,5008.32
HFBC,2016-01-04,2019-07-26,19.53,897,46540.90
HFXE,2016-01-05,2020-08-05,19.03,1155,16724.02
HFXJ,2016-01-04,2020-08-05,20.18,1156,3590.75
HGH,2016-01-04,2022-04-18,25.005,1584,1337135.96
HGI,2016-01-04,2019-02-20,15.75,788,16695.52
HGSD,2016-01-14,2019-03-14,24.9,796,0.00
HHHHR,2019-03-07,2020-05-08,0.983,297,0.00
HHHHU,2019-02-06,2020-03-10,10.92,275,0.00
HHRSW,2023-02-27,2023-09-15,2.97,140,78108.18
HHYX,2016-01-04,2018-08-15,28.02,660,0.00
HIFR,2016-01-04,2019-05-16,21.11,848,3840967.79
HILO,2016-01-04,2019-06-14,13.02,868,10861.21
HIPR,2020-06-11,2021-09-17,71.252,321,49138.25
HJPX,2016-01-04,2022-08-22,35.5052,1671,0.00
HLG,2016-01-04,2022-09-15,14.3,1688,215587.25
HMG,2016-01-05,2022-01-24,22.8,1525,0.00
HMHC,2016-01-04,2022-04-06,21.03,1577,7312744.66
HMLP,2016-01-04,2022-09-23,9.24,1694,1301127.58
HMSY,2016-01-04,2021-03-31,36.975,1320,13314453.25
HMTA,2016-10-12,2019-03-29,14.31,619,7008.00
HMTV,2016-01-04,2022-09-12,7.15,1685,474176.05
HOLUU,2020-08-05,2021-06-30,13.65,228,131639.80
HOME,2016-08-04,2021-07-22,36.99,1250,17500631.85
HOML,2016-01-04,2020-03-20,8.44,1061,3910.20
HONR,2018-01-19,2019-11-20,27.53,464,0.00
HPJ,2016-01-04,2019-10-31,4.79,965,120640.84
HPR,2018-03-20,2021-04-01,4.73,765,2722027.33
HQBD,2017-05-01,2018-09-14,48.81,348,0.00
HQCL,2016-01-04,2019-01-16,9.83,765,298366.32
HRC,2016-01-04,2021-12-10,155.96,1497,41722778.88
HTFA,2017-10-04,2021-04-23,25.15,894,28094.00
HUD,2018-02-01,2020-11-30,7.69,713,4053765.48
HUSE,2016-01-04,2020-04-20,28.66,1081,184045.40
HWCC,2016-01-04,2021-06-15,5.3,1372,162007.01
HWCPL,2018-05-25,2021-06-14,25.0,768,116576.30
HYACU,2017-10-25,2022-05-20,10.1,1151,2985.00
HYB,2016-01-04,2026-02-10,8.2,2541,442631.72
HYDD,2016-06-16,2019-10-11,15.9801,837,10375.00
HYGS,2016-01-04,2019-09-06,15.0,926,367946.98
HYND,2016-01-07,2020-05-27,14.91,1104,89075.40
IAC,2016-01-21,2026-06-03,42.24,2607,59655576.25
IAM,2017-10-09,2018-11-21,8.86,284,2058.80
IBBJ,2020-08-04,2021-12-02,29.87,337,108138.87
IBCD,2016-01-04,2020-03-30,24.54,1067,87787.68
IBDC,2016-01-04,2020-03-30,26.02,1067,246915.76
IBDK,2016-01-04,2019-12-16,24.865,996,1872082.13
IBDL,2016-01-04,2020-12-15,25.2,1248,2763156.20
IBDM,2016-01-04,2021-12-15,24.72,1500,3179206.75
IBHA,2019-05-09,2021-12-15,24.135,658,84750.52
IBKC,2016-01-04,2020-07-01,43.08,1132,25807566.51
IBKCN,2019-04-05,2020-07-01,23.24,313,262549.57
IBKCO,2016-05-23,2020-07-01,25.75,1035,60365.03
IBKCP,2016-01-04,2020-07-01,24.23,1132,98012.45
IBMG,2016-01-04,2018-09-04,25.4413,673,538420.96
IBMH,2016-01-04,2019-09-03,25.43,923,667940.51
IBMI,2016-01-04,2020-09-01,25.46,1175,742154.63
IBMJ,2016-01-04,2021-12-01,25.57,1490,609112.86
ICAN,2017-04-13,2019-03-18,28.47,484,21237.72
ICBK,2016-01-04,2021-12-03,35.25,1492,172924.85
ICOL,2016-01-04,2022-08-22,9.02,1671,61985.00
IDSA,2016-01-04,2019-12-30,1.1204,1005,18638.24
IDTI,2016-01-04,2019-03-29,48.99,815,46588790.40
IDY,2019-10-24,2020-10-23,22.28,253,0.00
IEC,2016-01-04,2021-10-04,15.34,1449,159879.39
IECS,2018-03-23,2022-08-22,34.7199,1112,43900.35
IEFN,2018-03-23,2022-08-22,31.0,1112,12570.45
IEHS,2018-03-23,2022-08-22,41.3984,1112,93781.76
IEIH,2018-03-23,2022-08-22,34.1348,1112,94038.30
IEME,2018-03-23,2022-08-22,27.7702,1112,46433.60
IFEU,2016-01-04,2020-08-17,35.01,1164,115738.96
IFFT,2018-09-19,2021-09-14,47.56,752,2805915.15
IFIX,2016-10-25,2019-11-12,52.38,768,0.00
IGVT,2016-10-25,2019-11-12,51.88,768,0.00
IHC,2016-01-04,2022-02-15,57.01,1542,288972.43
IHYD,2018-10-08,2020-02-14,25.0615,341,0.00
IID,2016-01-04,2021-03-31,5.58,1320,196740.55
IIN,2016-01-04,2022-05-24,24.24,1610,766816.74
ILG,2016-10-17,2018-08-31,34.13,473,27677362.75
IMDZ,2016-01-04,2019-04-01,5.85,816,892410.15
IMFI,2018-12-06,2020-02-14,24.95,300,0.00
IMFP,2018-10-31,2020-02-14,24.99,324,0.00
IMI,2016-01-04,2019-09-19,1.195,935,45332.94
IMMU,2016-01-04,2020-10-22,87.86,1211,30766493.52
IMPV,2016-01-04,2019-01-09,55.74,760,19385719.23
IMVTU,2019-12-20,2020-06-05,30.277,115,0.00
INAQU,2020-09-03,2024-12-13,11.13,1077,0.00
INAU,2019-06-21,2019-10-01,27.0501,71,0.00
INB,2016-01-04,2019-12-20,9.15,1000,668446.39
INBKL,2016-10-12,2021-10-01,25.03,1252,10020.70
INDF,2016-05-16,2025-08-26,31.2507,2334,6682.62
INF,2016-01-04,2020-03-06,12.81,1051,765556.92
INFR,2016-12-30,2026-01-22,27.74,2277,8112.73
INST,2016-01-04,2024-11-12,23.6,2231,4446415.25
INSUU,2019-03-20,2020-10-12,12.8,396,0.00
INTX,2016-01-04,2019-01-10,3.67,761,47946.60
INWK,2016-01-04,2020-09-30,2.99,1195,1270272.64
INXN,2016-01-04,2020-03-12,77.41,1055,25005772.00
INXX,2016-01-04,2019-06-14,11.36,868,164355.46
IOTS,2016-01-04,2020-06-26,12.54,1129,876627.30
IPAS,2016-01-04,2019-02-12,3.25,783,130781.43
IPFF,2016-01-04,2021-08-23,16.6201,1420,309441.27
IPHI,2016-01-04,2021-04-20,172.27,1333,36737291.79
IPHS,2016-01-04,2020-02-06,31.99,1031,4431888.51
IPLDP,2018-12-31,2021-12-14,24.99,746,169814.65
IPOA,2017-09-29,2019-10-25,11.79,522,674558.80
IRCP,2016-01-04,2022-05-27,2.4984,1613,70242.80
IRR,2016-01-04,2021-06-11,3.72,1370,446363.35
ISBC,2016-01-04,2022-04-06,13.87,1577,27677818.35
ISCA,2016-01-04,2019-10-17,44.99,955,5307993.60
ISDS,2018-09-14,2020-08-11,22.02,480,0.00
ISLE,2016-01-04,2022-08-26,10.01,1675,0.00
ISLEU,2021-02-25,2021-03-29,9.9,23,2913420.00
ITACU,2020-09-09,2021-10-05,9.94,271,14410.00
ITHXU,2021-01-28,2022-07-18,11.48,370,5213.72
ITMR,2019-03-07,2021-12-15,30.87,702,218787.08
ITUS,2016-01-04,2018-09-28,4.64,691,113325.75
IVTY,2016-01-04,2018-10-22,7.39,707,569093.60
JAG,2017-01-27,2020-01-09,8.23,743,13273551.53
JAX,2016-01-04,2021-09-29,14.0,1446,422616.75
JBR,2016-01-04,2020-05-18,0.601,1101,15059.62
JCO,2017-03-29,2022-05-25,7.95,1300,442927.50
JDD,2016-01-04,2021-11-19,10.74,1483,550040.92
JFKKR,2019-05-16,2020-09-30,0.85,348,813.79
JFKKU,2019-03-28,2020-09-30,10.8,382,0.00
JHA,2016-01-04,2018-11-26,9.94,731,573095.60
JHB,2016-08-24,2021-10-26,9.3993,1303,925126.56
JHD,2016-05-11,2019-11-22,9.9,892,481355.90
JHY,2016-01-04,2020-10-26,9.52,1213,317039.36
JMBA,2016-01-04,2018-09-12,13.01,679,775065.00
JMEI,2016-01-04,2020-04-14,19.93,1077,1898572.65
JMF,2016-01-04,2020-05-04,1.43,1091,1902942.72
JMIN,2017-11-09,2022-09-06,34.5114,1213,60244.88
JMLP,2016-01-04,2020-05-04,1.11,1091,429928.88
JMP,2016-01-04,2021-11-15,7.5,1479,99032.34
JMPNL,2020-01-02,2021-09-10,25.12,427,60706.00
JMPNZ,2020-01-02,2021-12-10,25.33,491,88658.35
JMT,2016-01-04,2019-12-13,22.05,995,185272.62
JNMF,2020-01-13,2020-05-27,24.54,94,0.00
JNP,2016-01-04,2018-08-13,11.5,658,163758.71
JOBS,2016-01-04,2022-05-06,60.9,1598,11312295.27
JPBI,2018-11-02,2019-02-05,21.85,63,2249.10
JPED,2017-12-01,2020-06-19,21.24,641,0.00
JPEH,2016-04-04,2019-03-28,27.45,752,0.00
JPEU,2016-01-05,2020-06-12,52.03,1118,37499.26
JPGE,2016-01-04,2020-06-19,55.58,1124,362049.23
JPHF,2016-09-15,2020-06-19,18.98,947,282209.04
JPIH,2016-04-04,2019-03-26,28.8414,750,3561.90
JPLS,2018-01-25,2020-06-12,17.15,600,0.00
JPMF,2017-12-07,2020-06-12,20.85,632,32366.78
JPMV,2016-01-04,2020-08-17,60.34,1164,168672.04
JPN,2016-01-04,2022-03-07,28.58,1555,63269.73
JPNL,2016-01-04,2020-10-16,50.49,1207,207975.04
JSYNU,2016-03-03,2019-06-19,7.0,830,0.00
JTA,2016-01-04,2021-11-19,11.53,1483,449081.24
JTD,2016-01-04,2021-11-19,16.72,1483,551359.80
JTPY,2016-01-04,2018-12-06,5.04,738,14692.51
JWACU,2021-12-07,2022-01-06,10.125,22,301446.90
KAAC,2017-05-02,2018-11-09,9.64,387,25220.00
KANG,2016-01-04,2019-01-18,20.53,767,3516497.60
KBLMR,2017-06-27,2020-11-06,0.392,849,0.00
KBLMU,2017-06-02,2020-11-06,8.38,866,0.00
KCAP,2016-01-04,2019-04-01,3.75,816,375383.61
KCAPL,2017-08-28,2021-05-27,25.24,944,70036.81
KDFI,2019-12-09,2021-12-03,20.895,502,92969.67
KDMN,2016-07-27,2021-11-08,9.5,1332,2480399.06
KED,2016-01-04,2018-08-03,18.45,652,721048.97
KEM,2016-01-04,2025-05-20,27.58,2359,30135.59
KEYW,2016-01-04,2019-06-11,11.23,865,2806004.52
KIN,2016-01-04,2021-08-27,9.25,1424,933539.83
KIND,2021-11-08,2025-07-18,1.88,926,3550196.42
KL,2017-08-16,2022-02-08,38.92,1129,52312273.76
KLXI,2016-01-04,2018-10-08,62.99,697,18664512.06
KMM,2016-01-04,2018-11-09,9.02,721,305264.82
KNAB,2019-04-03,2020-12-17,31.5,433,0.00
KNL,2016-01-04,2021-07-19,25.04,1395,5978730.65
KOL,2016-01-04,2020-12-14,94.92,1247,473173.74
KONE,2016-01-04,2018-09-12,7.67,679,58021.92
KOR,2016-09-29,2022-01-14,3.21,1334,0.00
KPFS,2018-10-04,2019-07-08,3.13,189,0.00
KRA,2016-01-04,2022-03-14,46.49,1560,8755545.36
KSMTU,2020-08-06,2021-08-26,10.75,267,31165.05
KST,2016-01-04,2018-11-09,12.6015,721,81494.35
KSU,2016-01-04,2021-12-13,293.59,1498,143258854.91
KURIU,2021-03-08,2021-10-21,9.5,160,132925.04
KVSB,2021-03-24,2021-11-05,11.12,159,2515352.84
KYE,2016-01-04,2018-08-03,9.89,652,1449924.84
LABL,2016-01-04,2019-07-01,50.01,879,6482742.54
LACK,2018-11-29,2020-10-16,7.71,474,12324.97
LATNU,2019-10-18,2021-09-27,10.9,489,0.00
LBDC,2016-01-06,2020-04-01,2.43,1067,5192.55
LBJ,2016-01-04,2022-01-14,60.4,1521,374675.40
LBPS,2021-03-22,2022-06-24,1.65,319,94147.20
LCAHU,2016-05-26,2024-02-27,10.75,1951,1074.30
LCAPU,2020-08-14,2022-05-20,10.03,446,9537.44
LCM,2016-01-04,2018-08-24,7.74,667,271595.90
LCYAU,2020-10-09,2021-07-13,13.14,190,372534.02
LDL,2016-01-04,2021-09-30,62.09,1447,3371400.90
LDRS,2017-12-21,2021-08-13,28.27,917,81758.65
LEAF,2018-08-13,2021-06-11,8.49,713,394567.25
LEAP,2020-11-02,2022-08-12,10.02,448,393052.36
LEGOU,2021-01-20,2021-10-19,14.58,190,204662.14
LEVL,2018-04-20,2022-03-31,39.93,995,253159.92
LEXEA,2016-11-07,2019-07-26,50.42,683,13852395.84
LGBT,2021-05-18,2022-04-20,26.61,234,14007.36
LILAR,2020-09-11,2020-09-25,0.65,11,1103342.24
LINX,2019-06-26,2021-06-25,7.5,505,391066.32
LIVKU,2019-12-11,2021-08-05,11.08,416,0.00
LJPC,2016-01-04,2022-08-19,6.22,1670,3110251.07
LKM,2016-01-04,2018-12-20,0.1539,748,1184038.16
LLQD,2017-09-14,2019-08-20,54.1,486,9199.75
LM,2016-01-04,2020-07-31,49.99,1153,36519122.10
LMLB,2019-10-25,2020-12-09,9.73,284,16767.60
LMLP,2016-01-04,2020-03-24,2.94,1063,184681.80
LMRK,2016-01-04,2021-12-21,16.49,1504,848252.26
LMRKN,2018-04-20,2021-12-21,25.5,926,88100.93
LMRKO,2016-08-31,2021-12-21,25.3,1337,121989.23
LMRKP,2016-05-05,2021-12-21,25.47,1419,87655.00
LN,2016-07-14,2020-12-24,51.98,1122,3333467.80
LOAC,2018-10-16,2021-03-19,13.45,610,0.00
LOACR,2018-10-15,2021-03-19,1.33,611,0.00
LOACU,2018-08-29,2021-03-18,14.99,642,0.00
LOGM,2016-01-04,2020-08-28,86.04,1173,49947898.00
LOPX,2021-07-22,2022-09-23,5.1939,297,5566.94
LOR,2016-01-04,2019-12-03,9.68,987,195322.32
LORL,2016-01-04,2021-11-18,41.52,1482,2242271.42
LOXO,2016-01-04,2019-02-14,234.66,785,21300119.06
LPT,2016-01-04,2020-02-03,61.95,1028,37881444.36
LRET,2016-01-04,2020-03-26,8.51,1065,31075.00
LSLT,2019-03-13,2022-02-24,32.0,746,9519.25
LSVX,2016-07-14,2018-06-25,14.88,491,0.00
LSXMR,2020-05-18,2020-06-05,13.49,14,7907629.10
LTS,2016-01-04,2020-02-13,3.49,1036,526175.63
LTXB,2016-01-04,2019-10-31,42.54,965,9782485.60
LUB,2016-01-04,2022-05-27,1.78,1613,84963.15
LVGO,2019-07-25,2020-10-29,139.77,321,67193594.20
LVHE,2016-11-18,2020-05-14,21.19,876,17096.45
LVL,2016-01-04,2020-02-14,12.34,1037,86813.28
LVUS,2017-05-11,2020-08-07,28.51,817,0.00
LXFT,2016-01-04,2019-06-13,58.99,867,11199596.80
MAACU,2020-10-07,2021-09-23,10.1674,243,159729.57
MAB,2016-01-04,2018-12-14,12.28,744,33230.25
MACQ,2016-12-06,2021-12-22,9.66,1271,0.00
MACQU,2016-09-14,2021-12-22,9.06,1329,0.00
MACU,2020-12-11,2022-04-29,10.09,348,8790.49
MACUU,2020-10-27,2022-04-28,10.13,379,0.00
MAMS,2016-01-04,2019-10-18,12.12,956,27440.47
MANT,2016-01-04,2022-09-13,95.98,1686,9650699.21
MATF,2016-06-06,2018-08-15,31.95,554,0.00
MBFI,2016-01-04,2019-03-21,42.38,809,17777813.64
MBII,2016-01-04,2022-07-12,0.7981,1642,184316.52
MBNAA,2018-08-29,2018-10-19,8.751,37,31257.60
MBNAB,2018-08-29,2018-10-23,8.2,39,16457.08
MBT,2016-01-04,2022-02-25,5.5,1549,26235363.73
MBTF,2016-01-04,2019-08-30,9.84,922,369038.57
MCA,2016-01-04,2022-04-08,12.51,1579,885383.59
MCACR,2020-08-27,2024-07-12,0.2194,974,0.00
MCACU,2020-06-05,2024-07-12,5.22,1032,0.00
MCADR,2021-03-24,2021-10-28,1.03,153,4184.52
MCADU,2021-01-08,2021-10-28,11.54,204,8636.01
MCEP,2016-01-04,2021-01-20,5.52,1271,137395.50
MCF,2016-01-04,2021-12-07,3.22,1494,1101994.89
MCFE,2020-10-22,2022-02-28,25.99,340,25304219.83
MCMJU,2019-11-05,2019-12-11,9.99,26,101751.35
MCRN,2016-01-04,2019-11-20,16.8,979,5844636.48
MCX,2016-01-04,2020-11-19,25.06,1231,66165.07
MDCO,2016-01-04,2020-01-03,84.9,1008,36647017.36
MDLA,2019-07-19,2021-10-28,33.99,576,41754223.83
MDP,2016-01-04,2021-12-01,59.07,1490,19521487.53
MDSO,2016-01-04,2019-10-28,92.22,962,32821220.84
MEET,2016-01-04,2020-09-03,6.29,1177,5054550.90
MEN,2016-01-04,2021-04-16,12.08,1331,634618.11
MENV,2021-11-01,2022-08-31,22.715,210,91.85
MFCB,2016-02-16,2019-06-03,12.05,830,60428.71
MFINL,2016-05-11,2021-04-14,24.99,1240,26025.74
MFL,2016-01-04,2022-04-08,11.84,1579,1011975.90
MFNC,2016-01-05,2021-09-03,21.5,1428,119403.06
MFO,2016-01-04,2021-01-05,25.44,1261,119730.00
MFSF,2016-01-04,2020-04-24,24.87,1085,271661.90
MFT,2016-01-04,2021-04-09,14.54,1326,247508.02
MGLN,2016-01-04,2022-01-03,94.99,1512,14006046.27
MGP,2016-04-20,2022-04-28,41.64,1518,23152142.36
MHE,2016-01-04,2021-04-16,13.64,1331,26375.33
MIDF,2019-06-06,2022-08-22,36.68,810,556.68
MIDZ,2016-01-04,2020-03-27,74.3298,1066,165233.87
MIE,2016-01-04,2021-08-02,3.85,1405,1073700.26
MIK,2016-01-04,2021-04-14,21.97,1329,33815946.90
MILE,2021-02-10,2022-07-27,1.05,368,6805970.25
MIME,2016-01-04,2022-05-18,79.92,1606,18465211.26
MINI,2016-01-04,2020-06-30,29.5,1131,7670920.40
MIW,2016-01-04,2018-12-14,12.55,744,17903.22
MJCO,2016-01-04,2020-09-21,16.0,1188,55845.04
MJJ,2019-12-11,2021-12-23,73.2053,514,7435.23
MJO,2019-12-11,2021-12-23,81.1635,514,39161.25
MLNT,2016-01-04,2020-01-10,0.5,1013,2392941.70
MLNX,2016-01-04,2020-04-24,124.89,1085,33909434.52
MLPC,2016-01-04,2020-10-30,6.34,1217,7512.16
MLPE,2016-08-10,2020-10-30,9.7,1065,0.00
MLPG,2016-01-04,2020-11-23,11.9601,1233,12105.51
MLPQ,2016-02-09,2020-03-18,3.7,1034,637905.91
MLPS,2016-01-04,2018-06-25,12.22,624,0.00
MLPY,2016-01-04,2021-06-08,4.77,1367,12266.40
MLPZ,2016-02-09,2020-03-23,3.82,1037,14599.20
MLQD,2017-09-14,2019-08-20,51.946,486,0.00
MLTI,2016-01-04,2020-06-11,22.2,1118,0.00
MMAC,2016-01-04,2021-08-12,27.77,1413,203645.24
MMDM,2017-06-07,2019-09-10,5.02,569,34132.20
MMV,2018-11-12,2025-01-08,0.48,1548,5771.30
MNCLU,2019-02-07,2020-12-21,12.89,473,0.00
MNDT,2021-10-05,2022-09-09,22.98,235,67365315.96
MNE,2016-01-04,2020-06-15,14.55,1120,88354.95
MNTA,2016-01-04,2020-09-30,52.48,1195,9985958.00
MOBL,2016-01-04,2020-11-30,7.04,1237,2465162.70
MOC,2016-01-04,2019-02-21,2.845,789,24875.74
MOM,2016-01-04,2021-03-12,21.6,1307,14718.52
MORL,2016-01-04,2020-03-24,0.2389,1063,3544831.40
MOTNU,2020-10-15,2021-11-05,11.4406,268,10300.14
MR,2016-01-04,2020-11-12,5.36,1226,0.00
MRACU,2020-12-15,2021-10-15,11.1386,211,46735.92
MRCCL,2018-09-18,2021-02-17,25.08,608,96391.27
MRRL,2016-01-06,2020-03-24,0.21,1061,148525.23
MSACU,2021-02-16,2021-04-06,10.1,35,203353.92
MSBF,2016-01-04,2020-07-10,10.38,1138,42461.43
MSF,2016-01-04,2019-02-22,16.58,790,274756.51
MSGN,2016-01-04,2021-07-08,14.17,1388,9989349.00
MSL,2016-01-04,2019-09-20,11.44,936,383644.23
MSON,2016-01-04,2021-10-28,26.54,1467,342123.95
MSP,2016-01-04,2022-06-22,35.18,1629,99891.05
MSUS,2018-04-04,2020-06-24,22.97,561,0.00
MTEC,2018-02-26,2019-06-17,11.99,329,80881.54
MTECU,2018-01-30,2019-06-17,13.5461,347,0.00
MTFB,2016-11-18,2019-12-16,0.105011,773,22452.45
MTGE,2016-01-04,2018-09-06,19.8,675,6605393.40
MTOR,2016-01-04,2022-08-02,36.5,1657,16820609.72
MTSC,2016-01-04,2021-04-06,58.49,1323,4915827.00
MTT,2016-01-04,2021-04-30,21.19,1341,498285.45
MUDS,2018-03-12,2022-09-12,10.16,1135,73015.48
MUDSU,2018-02-08,2022-09-06,10.13,1152,0.00
MUH,2016-01-04,2021-03-05,14.72,1302,295971.79
MUI,2016-01-04,2026-02-13,12.09,2544,1201038.25
MUS,2016-01-04,2021-03-05,13.01,1302,361631.15
MUTE,2019-01-14,2020-10-09,47.25,440,23360.32
MVC,2016-01-04,2020-12-23,9.12,1254,205461.44
MVCD,2017-11-20,2020-12-23,25.3,779,134405.70
MVIN,2016-10-27,2020-12-08,41.15,1036,23209.59
MVP,2021-03-17,2022-04-06,12.325,268,19155.88
MXDE,2018-03-27,2020-08-27,23.39,611,0.00
MXDU,2017-09-18,2022-05-25,34.5686,1181,4336.66
MXIM,2016-01-04,2021-08-25,103.14,1422,121639027.62
MXWL,2016-01-04,2019-05-15,4.48,847,919706.31
MYC,2016-01-04,2022-04-08,12.5,1579,586161.40
MYF,2016-01-04,2021-04-16,14.32,1331,396886.77
MYJ,2016-01-04,2022-04-08,13.07,1579,463992.90
MYL,2016-01-04,2020-11-16,15.855,1228,164436180.19
MYOK,2016-01-04,2020-11-16,224.91,1228,13758824.34
MZA,2016-01-04,2021-04-16,14.63,1331,72935.74
MZF,2016-01-04,2018-08-03,14.33,652,202636.24
NAO,2016-01-04,2019-06-06,3.47,862,182391.58
NAV,2016-01-04,2021-06-30,44.5,1383,18539850.20
NAVG,2016-01-04,2019-05-22,69.96,852,5109583.26
NBACR,2020-04-30,2021-03-22,1.56,225,3208.55
NBACU,2020-02-14,2021-03-22,18.8,277,9850.00
NBL,2016-01-04,2020-10-02,8.46,1197,136674475.06
NBLX,2016-09-15,2021-05-10,15.21,1170,5405432.15
NCB,2016-01-04,2021-03-05,15.05,1302,78422.12
NCOM,2016-01-04,2019-03-29,39.21,815,1288797.25
NEBCU,2020-12-09,2021-07-30,11.0,161,261901.02
NEBUU,2018-01-10,2020-06-10,26.0,608,0.00
NEED,2018-11-29,2020-10-16,32.16,474,155192.61
NEOS,2016-01-04,2021-03-19,1.15,1312,938718.59
NES,2016-01-04,2022-02-23,2.149,1547,14586.24
NETS,2017-04-12,2019-06-14,3.7,547,386374.86
NEV,2016-01-04,2022-06-03,12.51,1617,841338.04
NEWA,2017-07-28,2021-07-12,4.17,995,98653.63
NEWM,2016-01-04,2019-11-19,6.28,978,5757876.41
NFC,2018-07-27,2019-12-18,10.11,352,34757.68
NFH,2019-12-19,2022-01-26,11.95,530,958135.22
NFINU,2019-07-31,2020-11-04,12.0,321,2235.10
NFO,2016-01-04,2020-02-14,75.32,1037,104631.52
NGACU,2020-10-07,2021-08-19,9.26,219,88481.47
NGCAU,2021-03-23,2021-12-29,9.46,196,51125.82
NGHC,2016-01-04,2020-12-31,34.18,1259,5778089.55
NGHCO,2016-01-04,2021-02-02,25.08,1280,346290.55
NGHCP,2016-01-04,2021-02-02,25.08,1280,64983.18
NGHCZ,2016-01-04,2021-02-02,25.25,1280,173098.55
NHA,2016-01-27,2021-02-23,9.69,1278,127109.48
NHLD,2016-01-04,2021-02-25,3.2501,1296,18902.45
NIFE,2020-06-11,2022-09-23,45.1958,577,23068.78
NIHD,2016-01-04,2019-12-31,2.17,1006,1465867.02
NJV,2016-01-04,2021-03-05,14.52,1302,40409.77
NMCI,2018-12-10,2021-03-31,9.23,581,94882.17
NMFCL,2020-09-14,2021-03-08,25.25,121,45415.50
NMY,2016-01-04,2021-04-09,14.3,1326,427988.82
NNA,2016-01-04,2021-10-14,3.48,1457,553846.52
NNC,2016-01-04,2019-11-15,13.66,976,348202.09
NOVSU,2020-05-15,2021-01-29,35.75,179,33111.50
NPAUU,2019-09-11,2021-04-06,13.3494,395,4538.43
NPN,2016-01-04,2021-03-05,14.04,1302,16895.50
NPTN,2016-01-04,2022-08-02,16.01,1657,6790193.21
NRCG,2018-10-18,2019-10-31,12.24,261,145006.26
NRE,2016-01-04,2019-09-27,17.02,941,4153825.28
NRGO,2019-04-30,2020-12-17,15.81,415,0.00
NRGZ,2019-04-26,2020-12-15,19.8,415,0.00
NSEC,2016-01-04,2022-06-30,16.36,1635,3486.88
NSR,2016-01-04,2022-08-12,7.76,1665,0.00
NSU,2016-01-04,2019-03-07,4.44,799,1604039.70
NTC,2016-01-04,2019-11-15,12.04,976,324252.68
NTGN,2018-06-27,2020-05-05,3.07,467,568645.15
NTRI,2016-01-04,2019-03-07,42.89,799,19144393.95
NTUS,2019-07-26,2022-07-20,32.96,752,4917338.32
NTX,2016-01-04,2020-02-14,14.64,1037,181389.77
NTZO,2021-11-03,2022-06-21,16.0691,158,2100.54
NUAN,2016-01-04,2022-03-03,55.99,1553,50494063.91
NUM,2016-01-04,2021-02-05,15.1,1283,364499.82
NUVO,2022-01-03,2024-08-30,0.17,669,29555.79
NVACU,2021-12-20,2022-01-21,10.05,23,164181.28
NVMM,2018-01-10,2019-04-29,0.69,326,14909.68
NWHM,2016-01-04,2021-09-07,8.99,1430,473907.74
NXEO,2016-06-10,2019-02-28,9.93,684,1370306.79
NXEOU,2016-06-10,2019-02-13,10.5,674,0.00
NXQ,2016-01-04,2021-12-03,15.04,1492,381692.05
NXR,2016-01-04,2021-12-03,16.56,1492,285632.81
NXTM,2016-01-04,2019-02-21,30.0,789,11585145.60
NYH,2016-01-04,2018-12-14,10.5473,744,61874.22
NYMTO,2016-01-04,2021-07-29,25.06,1403,180767.40
NYMTP,2016-01-04,2021-12-17,25.3205,1502,129551.32
NYRT,2016-01-04,2018-11-02,14.18,716,9198608.30
NYV,2016-01-04,2021-04-09,15.04,1326,42794.32
OAK,2016-01-04,2019-09-27,51.52,941,11235578.04
OASI,2016-01-04,2018-12-20,25.98,748,34119.64
OBAS,2016-01-04,2022-03-22,12.59,1566,1217.92
OBCI,2016-01-04,2022-08-08,13.03,1661,49731.85
OCA,2021-01-12,2022-05-31,9.995,349,371210.29
OCCIP,2019-03-29,2021-12-09,25.03,682,25812.15
OCDX,2021-01-28,2022-05-26,17.63,336,16489556.79
OCIP,2016-01-04,2018-07-13,11.45,637,104506.80
OCSI,2017-10-18,2021-03-18,8.5,859,386402.04
OEW,2016-06-30,2019-02-20,33.0801,664,6234.13
OFSSG,2020-09-21,2021-10-29,25.02,281,22295.04
OFSSI,2019-10-16,2021-11-19,25.09,530,51434.77
OFSSL,2018-04-20,2021-03-11,25.17,728,47004.81
OFSSZ,2018-10-25,2021-03-11,25.19,597,21612.50
OHAI,2016-01-04,2019-12-18,1.315,998,41908.21
OHRP,2016-01-04,2019-07-12,5.39,887,164182.20
OIIL,2016-02-09,2018-08-13,43.0,633,16586.02
OIL,2016-01-04,2023-06-08,28.42,1871,1314691.56
OILX,2016-02-18,2020-04-30,5.77,1058,3529.40
OLBK,2016-01-04,2019-11-22,28.83,981,805712.40
OLD,2016-06-09,2021-10-11,29.8283,1345,102712.97
OMAD,2018-03-05,2019-05-31,9.88,313,13874.98
OMED,2016-01-04,2019-04-22,0.89,830,870251.35
OMN,2016-01-04,2020-03-31,10.14,1068,1336205.98
OMOM,2017-11-10,2020-02-14,28.2712,568,0.00
OMP,2017-09-21,2022-01-31,23.86,1098,1877167.51
ONCE,2016-01-04,2019-12-16,113.57,996,29926361.34
ONDK,2016-01-04,2020-10-12,1.83,1203,2076820.02
ONTL,2017-03-22,2018-12-20,24.3641,442,75407.31
OPB,2016-01-04,2020-05-29,19.49,1109,4560184.20
OPESU,2018-03-14,2020-12-09,19.99,692,0.00
OPHT,2016-01-04,2019-04-16,1.39,827,1628163.00
OPINI,2019-01-02,2021-06-11,25.04,616,456801.14
ORBC,2016-01-04,2021-08-31,11.49,1426,4441622.53
ORBK,2016-01-04,2019-02-19,65.77,787,11721354.24
ORG,2016-06-09,2020-03-12,19.06,946,34820.80
ORIT,2016-01-04,2019-11-29,18.6,985,3122994.78
ORM,2016-01-04,2019-03-28,21.27,814,326027.08
ORPN,2016-01-04,2019-03-25,11.5,811,59217.12
ORSNR,2019-11-07,2020-11-17,0.76,260,23.74
ORSNU,2019-08-02,2020-11-17,10.0,328,0.00
OSB,2016-02-19,2021-01-29,43.13,1246,3773825.83
OSIR,2016-01-04,2019-04-16,18.99,827,242312.54
OSIZ,2017-11-10,2020-02-14,28.73,568,0.00
OSN,2016-01-04,2021-09-09,5.0499,1432,35084.75
OTEL,2016-01-04,2021-03-31,11.739,1320,40170.40
OTRAU,2020-11-17,2022-05-19,9.55,379,0.00
OVLC,2016-05-11,2019-02-20,31.3,699,0.00
OVLU,2017-11-10,2020-02-14,30.09,568,0.00
OVOL,2017-11-10,2020-02-14,27.305,568,0.00
OXFD,2016-01-04,2021-03-05,21.99,1302,1424556.66
PAACR,2016-02-08,2020-06-16,0.29,1097,0.00
PACA,2018-11-15,2020-06-25,17.7967,404,0.00
PACQ,2018-05-29,2020-08-21,10.1,564,125217.52
PACQU,2018-04-13,2020-08-17,10.7,591,0.00
PAE,2020-02-11,2022-02-14,10.05,508,3690856.43
PAF,2016-01-04,2019-02-20,53.09,788,43561.15
PAGG,2016-01-04,2019-02-15,25.36,786,29195.66
PAND,2020-07-17,2021-03-31,60.05,178,1948349.81
PASS,2018-11-29,2020-10-16,37.03,474,58081.55
PBB,2016-01-04,2021-02-12,25.26,1288,382054.77
PBBI,2016-01-08,2020-04-30,15.25,1085,38281.50
PBC,2018-12-12,2021-12-29,25.06,768,167294.06
PBCT,2016-01-04,2022-04-01,19.41,1574,59200120.41
PBIP,2016-01-04,2022-06-30,15.13,1635,145935.39
PBY,2016-01-04,2021-06-14,25.0,1371,35763.71
PCMI,2016-01-04,2019-08-29,35.01,921,2038729.00
PCOM,2016-01-04,2022-06-30,24.99,1635,446090.00
PDEV,2019-07-24,2021-11-19,31.06,589,0.00
PDLI,2016-01-04,2020-12-30,2.47,1258,4191614.83
PE,2016-01-04,2021-01-12,16.93,1266,103981109.23
PEGI,2016-01-04,2020-03-13,26.74,1056,18213832.91
PERY,2016-01-04,2018-10-19,27.5,706,1919093.50
PETX,2016-01-04,2019-07-17,4.92,890,2145970.06
PF,2016-01-04,2018-10-25,66.66,710,62002313.80
PFBI,2016-01-04,2021-09-17,17.79,1438,322446.34
PFNX,2016-01-04,2020-09-30,12.75,1195,669477.52
PFPT,2016-01-04,2021-08-30,175.9,1425,63033614.00
PGLC,2016-01-04,2019-04-03,1.12,818,225894.16
PGNX,2016-01-04,2020-06-19,4.1,1124,5788049.46
PHH,2016-01-04,2025-10-27,0.385,2469,0.00
PIY,2016-01-04,2020-05-13,6.88,1098,49238.81
PJH,2016-01-04,2020-09-22,25.027,1189,650436.48
PKO,2016-01-04,2021-12-10,23.77,1497,1502337.76
PLAN,2018-10-12,2022-06-21,63.73,928,111931551.34
PLC,2019-07-24,2020-12-11,30.125,352,0.00
PLCY,2018-04-19,2020-08-27,25.1636,595,94926.72
PLND,2016-01-04,2019-04-05,17.0,820,60306.52
PLTI,2025-11-04,2026-06-09,13.97,149,69377.88
PMBC,2016-01-04,2021-10-18,9.4,1459,189481.60
PMOM,2017-10-19,2020-08-14,27.7199,710,0.00
PMPT,2016-08-17,2018-09-28,27.31,534,7811.55
PMR,2016-01-04,2020-02-14,41.21,1037,28329.21
PNK,2016-01-04,2018-10-12,32.55,701,10864104.24
PNNTG,2019-09-30,2021-11-12,25.08,537,68245.99
PNTR,2016-01-04,2019-10-02,15.27,944,136093.48
POLY,2016-01-04,2022-08-26,39.82,1675,13065767.86
POPE,2016-01-04,2020-05-07,98.18,1094,85622.42
PPD,2020-02-06,2021-12-07,47.28,464,43858642.27
PPDF,2017-11-10,2019-11-27,2.7,515,3975997.08
PPDM,2018-02-15,2020-09-25,21.04,658,0.00
PPEM,2018-02-15,2026-06-09,23.558,2089,1066.81
PPGHU,2021-01-06,2022-04-04,13.055,314,32501.13
PPLN,2017-06-13,2020-01-14,15.77,652,0.00
PPMC,2018-02-15,2020-09-25,22.14,658,0.00
PPSC,2018-02-15,2020-09-25,28.42,658,5496.84
PPX,2016-01-04,2021-07-16,25.43,1394,406222.71
PQLC,2018-10-18,2021-10-04,70.723,745,0.00
PQSG,2018-11-15,2021-10-04,72.5283,725,0.00
PQSV,2018-11-15,2021-10-04,66.2468,725,0.00
PRAH,2016-01-04,2021-06-30,165.21,1383,40103289.38
PRAN,2016-01-04,2019-04-08,2.0597,821,53504.10
PRB,2016-01-04,2019-04-05,24.53,820,8920.58
PRCP,2016-01-04,2020-12-18,6.975,1251,109440.45
PRGX,2016-01-04,2021-03-03,7.71,1300,222316.65
PRID,2018-01-11,2019-11-13,28.608,464,0.00
PRNB,2018-09-14,2020-09-25,100.05,512,6636501.29
PROS,2019-07-25,2021-08-03,12.85,511,718314.92
PRSP,2018-06-01,2021-05-06,29.34,738,22181955.54
PRSS,2016-01-04,2018-11-08,1.47,720,35700.15
PRVL,2019-06-20,2021-01-21,23.0,401,1567140.63
PSACU,2020-07-22,2021-07-21,17.08,252,92226.02
PSAU,2016-01-04,2019-02-20,19.69,788,222082.56
PSB,2016-01-04,2022-07-19,187.44,1647,14802159.75
PSDO,2017-03-10,2019-12-18,16.6,700,3341929.64
PSM,2019-07-24,2020-12-11,29.53,352,0.00
PSTH,2020-09-11,2022-07-25,20.14,470,31654368.26
PSXP,2016-01-04,2022-03-08,42.01,1556,19188728.55
PSY,2021-05-28,2022-08-29,5.9,316,95015.93
PTIE,2016-01-04,2019-03-27,1.24,813,242935.20
PTLA,2016-01-04,2020-07-01,18.03,1132,29376275.39
PTVCA,2018-08-02,2021-05-28,23.27,711,6200.80
PTVCB,2018-08-01,2021-05-28,23.3,712,356043.84
PUW,2016-01-04,2019-02-20,25.2,788,27657.06
PVG,2016-01-04,2022-03-08,15.05,1556,15160325.57
PVTL,2018-04-20,2019-12-27,15.0,426,24042179.18
PXR,2016-01-04,2019-02-20,34.66,788,32129.93
PXUS,2017-11-09,2023-10-13,21.1,1491,0.00
PZI,2016-01-04,2019-02-20,18.38,788,25574.59
QADA,2016-01-04,2021-11-04,87.63,1472,1856225.69
QADB,2016-01-04,2021-11-04,87.54,1472,15269.67
QCP,2016-11-01,2018-07-26,20.74,436,12307660.10
QELLU,2020-09-30,2021-09-14,10.03,241,242856.90
QEP,2016-01-04,2021-03-16,4.08,1309,42648888.96
QES,2018-02-09,2020-07-27,0.9278,619,65612.43
QGTA,2016-01-08,2020-08-05,23.95,1152,5742.93
QMJ,2020-02-05,2021-09-17,68.445,409,20842.50
QRTAV,2020-09-03,2020-09-11,6.0,6,1401.76
QTNA,2016-10-28,2019-06-18,24.51,662,4931215.21
QTS,2016-01-04,2021-08-31,77.98,1426,25105794.59
QVM,2016-01-04,2020-11-09,20.49,1223,0.00
QXMI,2017-01-26,2018-11-21,24.3592,461,4082.20
QXTR,2017-01-26,2019-05-16,24.9,580,25349.79
RAACU,2020-12-08,2021-07-21,9.91,155,136803.84
RALS,2016-01-04,2022-05-02,33.1848,1594,28994.00
RARX,2016-10-26,2020-04-01,47.99,863,3334754.22
RAVN,2016-01-04,2021-11-29,58.08,1488,4764089.40
RBAC,2020-10-05,2022-08-16,10.02,470,2363461.73
RBIN,2017-09-18,2022-05-25,24.1002,1181,0.00
RBNC,2018-01-02,2021-12-31,35.5,1008,439986.12
RBUS,2017-09-18,2022-05-25,38.0149,1181,0.00
RCP,2018-10-01,2021-03-25,25.23,625,57473.10
RDBX,2021-10-25,2022-08-10,1.65,200,6577993.39
RDC,2016-01-04,2019-04-10,10.93,823,45802246.35
RDUS,2016-01-04,2025-07-10,30.0,2393,9986506.98
REDV,2018-08-10,2020-02-14,22.99,381,0.00
REGI,2016-01-04,2022-06-10,61.5,1622,13487253.92
REIS,2016-01-04,2018-10-12,22.99,701,394889.60
REML,2016-07-13,2021-12-23,5.99,1374,917652.65
REN,2016-01-04,2019-02-28,30.91,794,17701171.62
RENW,2019-08-14,2024-12-13,13.2297,1344,0.00
RESI,2016-01-04,2023-11-30,9.7032,1992,2501025.04
RESN,2016-01-04,2022-03-25,4.48,1569,694921.77
RFAP,2016-04-14,2021-08-25,58.3619,1352,65101.37
RFUN,2016-06-14,2021-10-21,25.655,1350,38500.08
RGLB,2017-07-19,2020-02-14,27.31,649,0.00
RHT,2016-01-04,2019-07-08,187.71,883,184052119.89
RICOU,2021-07-08,2022-06-28,13.26,246,0.00
RIDV,2018-08-09,2020-01-17,24.281,363,0.00
RILYH,2018-05-18,2021-09-03,25.52,831,193449.89
RILYI,2018-09-12,2021-10-21,25.63,784,99385.20
RIVE,2018-08-14,2021-11-30,15.47,831,32889.60
RLH,2016-01-04,2021-03-17,3.49,1310,432991.02
RLJE,2016-01-04,2018-10-31,6.25,714,27385.17
RLM,2018-09-05,2019-07-30,2.5,226,20163.65
RMGBU,2020-12-10,2021-08-23,9.23,176,218114.32
RMGN,2016-01-04,2018-09-28,1.29,691,33389.02
RNET,2016-01-04,2021-04-30,9.6,1341,676288.00
ROAN,2018-11-09,2019-12-05,1.52,269,1194341.70
ROCCU,2020-12-11,2021-07-28,9.93,157,94362.51
ROCRU,2021-03-03,2022-02-14,10.0,242,5633.97
RORE,2016-10-04,2020-08-07,12.25,968,12316.09
ROX,2016-01-04,2019-10-08,1.26,948,233030.25
RP,2016-01-04,2021-04-21,88.72,1334,28249793.38
RPAI,2016-01-04,2021-10-21,13.15,1462,19074321.48
RPUT,2018-02-01,2020-01-17,20.3,494,0.00
RRD,2016-01-04,2022-02-25,10.84,1549,6238793.20
RSLS,2017-10-23,2025-08-14,3.92,1963,98151.34
RST,2016-01-04,2020-10-14,29.99,1205,1759347.00
RSVAU,2020-12-02,2021-07-14,24.22,154,718049.02
RSYS,2016-01-04,2018-12-11,1.72,741,532896.00
RTEC,2016-01-04,2019-10-25,28.5,961,4884822.80
RTL,2018-05-16,2023-09-12,7.61,1340,3442.64
RTLR,2019-05-23,2022-08-23,15.22,820,3486458.49
RTN,2016-01-04,2020-04-02,116.96,1070,295213762.85
RTPYU,2021-03-16,2021-11-03,10.5,163,749638.89
RUHN,2019-04-03,2021-04-19,3.4,515,623059.20
RUSL,2016-01-04,2022-03-03,2.58,1553,4750826.88
RUSS,2016-01-04,2020-03-27,9.09,1066,2574227.41
RVACU,2021-08-06,2022-08-26,11.75,267,6020.00
RVEN,2016-08-30,2019-11-01,5.12,800,2598.00
RWCD,2019-01-16,2020-09-25,75.96,428,41828.10
RWDC,2019-01-16,2020-09-25,46.84,428,4803.50
RWDE,2019-01-16,2020-09-25,51.63,428,0.00
RWED,2019-01-16,2020-09-25,51.33,428,0.00
RWGV,2019-01-16,2022-09-23,86.0338,930,249257.58
RWIU,2019-01-16,2020-08-25,49.4527,406,0.00
RWLS,2019-01-16,2020-09-25,70.62,428,0.00
RWSL,2019-01-16,2020-09-25,45.09,428,13314.32
RWUI,2019-01-16,2020-09-25,67.7,428,11312.69
RWVG,2019-01-16,2022-09-23,53.0847,930,147174.97
RWW,2016-01-04,2020-02-14,71.0,1037,95722.20
RXII,2016-01-04,2018-11-16,0.3302,726,157613.93
RYZZ,2019-03-19,2020-05-21,21.3391,298,2559.27
SAF,2018-08-29,2021-08-30,25.01,756,84385.98
SAFM,2016-01-04,2022-07-21,204.0,1649,44904554.24
SAGG,2016-01-04,2020-03-27,28.68,1066,0.00
SAIIU,2020-09-15,2021-08-12,10.16,230,18451.93
SAK,2020-06-30,2022-07-13,25.2,513,61199.04
SAMA,2019-01-09,2023-10-11,10.58,1198,0.00
SAMAU,2021-10-08,2023-10-11,10.69,505,0.00
SAQNU,2019-11-20,2020-10-14,10.42,227,0.00
SAUC,2016-01-04,2020-02-25,1.04,1043,49318.50
SBBP,2016-01-04,2021-10-05,2.0,1450,695538.95
SBBX,2016-01-04,2020-07-31,18.51,1153,284363.01
SBEAU,2021-02-26,2022-02-09,12.5,242,40967.24
SBLKZ,2017-11-13,2021-07-27,25.39,931,72955.40
SBM,2016-01-05,2022-05-02,46.3774,1593,1848.00
SBNA,2016-01-04,2020-05-14,24.99,1099,76249.97
SC,2016-01-04,2022-01-28,41.6,1530,24616064.58
SCAC,2016-11-15,2019-03-29,10.28,595,1013.00
SCACU,2016-09-16,2019-03-21,10.25,631,0.00
SCG,2016-01-04,2018-12-31,47.78,754,66247448.28
SCID,2016-01-15,2020-08-21,24.57,1159,12424.32
SCIJ,2016-01-04,2020-08-21,25.0,1168,5307.62
SCIN,2016-01-04,2019-06-14,13.81,868,65600.35
SCIU,2016-01-04,2020-08-21,33.38,1168,156988.04
SCIX,2016-01-04,2020-08-21,21.1,1168,4673.19
SCOM,2019-01-16,2020-03-19,31.86,296,0.00
SCR,2021-02-25,2021-10-18,35.58,164,12462122.45
SCTO,2016-01-04,2019-07-05,22.904,882,6347.83
SDAG,2018-12-18,2020-08-05,24.48,411,0.00
SDI,2018-04-26,2020-07-15,15.0,559,99068.83
SDYL,2016-01-04,2020-11-20,85.68,1232,73228.82
SEND,2017-11-15,2019-01-31,54.08,303,16251909.00
SFHY,2016-04-27,2021-09-24,49.875,1364,22946.94
SFLY,2016-01-04,2019-09-24,50.97,938,27508326.08
SFS,2016-01-04,2019-06-19,6.5,871,3153299.50
SGAMU,2020-11-30,2021-10-22,10.45,227,12174.60
SGB,2016-01-04,2020-04-02,18.95,1070,15705.97
SHLM,2016-01-04,2018-08-20,44.0,663,6986320.95
SHOS,2016-01-04,2019-10-23,3.4,959,164049.13
SHPG,2016-01-04,2019-01-04,179.2,757,189108929.60
SHSP,2016-01-04,2021-09-01,17.1,1427,374853.16
SINA,2016-01-04,2021-03-22,43.26,1313,45650324.40
SINV,2021-06-16,2022-07-15,1.085,273,2351.53
SIR,2016-01-04,2018-12-31,7.36,754,8263477.54
SIZ,2016-01-04,2019-12-10,17.351,992,0.00
SJIU,2018-04-26,2021-04-14,41.09,747,285101.88
SKIS,2016-01-04,2019-09-24,11.0,938,110061.93
SKYS,2016-01-04,2020-10-08,7.17,1201,50582.11
SLCT,2016-01-04,2021-10-15,18.88,1458,177238.88
SLGCW,2021-09-02,2024-01-05,0.086,589,1116.78
SLIM,2016-06-09,2020-03-12,33.17,946,24493.36
SLT,2018-05-16,2022-02-24,39.22,952,14679.03
SMED,2016-01-04,2022-08-22,8.75,1671,178180.59
SMEZ,2016-01-04,2021-03-17,75.05,1310,65063.19
SMM,2016-01-04,2022-09-08,8.95,1683,725386.22
SMMCU,2019-06-20,2021-01-12,19.69,395,11577.60
SMTA,2018-06-01,2019-12-31,0.7676,399,2118973.50
SMTX,2016-01-04,2021-04-01,6.04,1321,73403.12
SNH,2016-01-04,2019-12-31,8.44,1006,26583076.98
SNMX,2016-01-04,2018-11-01,1.49,715,242578.95
SNR,2016-01-04,2021-09-20,8.82,1439,4240624.32
SOGO,2017-11-09,2021-09-23,8.95,974,6027979.19
SOIL,2016-01-04,2020-08-21,8.1989,1168,25643.99
SOJA,2016-01-04,2020-10-19,25.02,1208,1642722.64
SOJB,2016-09-20,2021-10-15,25.04,1278,1359979.35
SOLN,2019-08-21,2022-07-29,56.16,741,3999154.66
SOLY,2019-02-19,2021-12-15,22.58,714,2462501.05
SORL,2016-01-04,2020-05-14,4.71,1099,321234.55
SPA,2016-01-04,2019-03-04,18.51,796,1307672.21
SPAK,2020-10-01,2022-08-29,14.63,481,597645.44
SPLX,2016-01-04,2018-06-22,57.63,623,8387.33
SPQQ,2020-07-01,2022-03-08,28.04,425,0.00
SPRT,2016-01-04,2021-09-14,11.8,1435,103839.96
SPWRV,2020-08-18,2020-08-26,10.76,7,9600.00
SPXZ,2021-01-26,2022-08-17,11.005,394,113913.47
SPYB,2016-01-04,2025-02-21,28.205,2298,0.00
SRACU,2019-11-08,2021-08-12,12.2,443,10322.20
SRCI,2017-03-06,2020-01-14,4.0,721,22525822.71
SREV,2016-01-04,2022-07-20,1.5,1648,553220.19
SRF,2016-01-04,2020-05-29,4.12,1109,87615.75
SRNGU,2021-02-24,2021-09-16,11.97,143,7154073.99
SRRA,2017-01-10,2022-06-30,54.99,1378,422246.22
SSFN,2016-01-04,2019-10-31,15.75,965,23462.40
SSPKU,2019-08-08,2021-06-11,22.99,465,5603.20
STAY,2016-01-04,2021-06-15,20.46,1372,25580345.38
STBL,2021-07-27,2022-08-29,19.425,276,48.47
STBZ,2016-01-04,2018-12-31,21.59,754,2857612.58
STDY,2016-01-04,2018-08-29,4.725,670,56808.50
STFC,2016-01-04,2022-02-28,52.01,1550,1166342.33
STL,2016-01-04,2022-01-31,26.29,1531,34823417.12
STLC,2020-04-27,2021-08-23,42.3449,335,0.00
STMB,2020-04-23,2021-08-23,44.87,337,0.00
STML,2016-01-04,2020-06-09,11.83,1116,3164894.96
STMP,2016-01-04,2021-10-04,329.61,1449,54483286.38
STND,2018-05-25,2021-05-28,33.0,758,106017.92
STNL,2018-01-11,2019-11-07,10.31,460,14266.27
STNLU,2017-11-03,2019-11-06,10.297,505,2002.00
STPP,2016-01-04,2020-07-16,24.9,1142,4407.88
STSB,2020-04-28,2025-04-04,21.66,1242,0.00
STWOU,2020-09-17,2021-10-08,8.48,268,29098.59
STXB,2018-05-04,2022-04-08,25.55,991,719880.00
SUBZ,2021-02-10,2022-04-06,7.4295,292,169890.78
SUMR,2016-01-04,2022-06-21,11.99,1628,44016.09
SUNY,2021-09-09,2022-02-08,9.555,106,201.34
SVA,2016-01-04,2025-03-21,6.47,2318,0.00
SVACU,2020-09-10,2026-07-10,10.0,436,83495.84
SVBI,2016-01-04,2021-10-29,13.63,1468,43951.20
SVOKU,2020-12-18,2021-12-08,9.42,245,55303.56
SVSVU,2020-11-24,2022-05-02,11.15,361,36732.85
SVU,2016-01-04,2018-10-19,32.49,706,16716159.27
SWAGU,2021-07-29,2022-08-25,9.5,272,0.00
SWBIV,2020-08-20,2020-08-24,15.25,3,143925.00
SWIN,2017-01-10,2025-10-09,3.28,2200,0.00
SXCP,2016-01-04,2019-06-27,12.41,877,2407984.20
SYE,2016-01-04,2021-03-17,104.35,1310,81137.36
SYG,2016-01-04,2021-03-17,119.46,1310,86722.81
SYKE,2016-01-04,2021-08-26,54.0,1423,5302801.14
SYNC,2016-01-04,2021-03-31,2.19,1320,166544.00
SYNT,2016-01-04,2018-10-09,40.99,698,10999650.58
SYV,2016-01-05,2021-03-17,78.46,1309,57146.97
TACA,2021-01-22,2022-06-09,10.095,349,71820.00
TACE,2020-10-21,2021-09-22,25.59,232,13632.22
TADS,2020-05-08,2022-01-07,0.3887,422,62318.62
TAEQ,2020-05-08,2021-09-22,26.9721,347,99410.34
TAHO,2016-01-04,2019-02-21,3.64,789,16677197.64
TAO,2016-01-04,2020-02-14,25.93,1037,434545.91
TAT,2016-01-04,2020-12-17,0.246,1250,58381.57
TAWK,2019-01-14,2020-10-16,42.55,445,260272.10
TBCPU,2021-02-05,2023-12-11,10.24,717,10531.50
TBLTU,2018-11-09,2019-11-21,0.91,260,3257.00
TBND,2019-06-18,2020-11-12,23.45,357,136619.04
TBRGU,2018-06-19,2019-07-11,16.931,267,2040.00
TCAC,2021-04-06,2022-06-14,8.55,302,93611.58
TCACU,2021-02-12,2022-06-14,8.7,337,15833.08
TCBIL,2016-01-04,2021-06-21,25.02,1376,68626.98
TCBIP,2016-01-04,2021-06-14,25.005,1371,203563.36
TCF,2017-05-08,2021-06-08,45.18,1029,30781212.20
TCHF,2016-06-21,2018-08-15,42.73,543,20638.72
TCLD,2019-02-01,2019-12-26,28.147,228,5471.68
TCO,2016-01-04,2020-12-28,42.99,1256,30457663.46
TCP,2016-01-04,2021-03-02,30.21,1299,9507536.06
TCTL,2016-10-28,2022-09-06,29.765,1473,38733.31
TDA,2016-01-04,2021-10-13,25.16,1456,289656.97
TDE,2016-01-04,2021-05-11,25.4,1348,267375.64
TDJ,2016-01-04,2021-05-11,25.26,1348,334191.10
TECD,2016-01-04,2020-06-29,144.9,1130,35153006.98
TEGS,2020-05-08,2022-01-07,7.26,422,7641.14
TENG,2021-06-10,2022-09-23,14.25,326,12768.41
TERM,2017-04-11,2021-10-15,22.1546,1138,81109.12
TERP,2016-01-04,2020-07-30,19.35,1152,10111233.39
TETF,2017-04-20,2019-06-18,18.3,544,30450.95
TFCF,2019-03-19,2019-03-19,49.61,1,1248160264.89
TFCFA,2019-03-19,2019-03-19,49.69,1,2342095217.84
TFIV,2018-07-31,2021-10-15,23.645,810,6796.18
TFLT,2018-07-31,2021-10-15,23.265,810,0.00
TGP,2016-01-04,2022-01-12,16.98,1519,3759782.00
THBRU,2019-08-09,2021-06-10,11.75,463,7645.40
THCBU,2019-03-05,2021-07-23,12.53,603,5245.00
THGA,2016-01-04,2020-09-18,25.36,1187,207054.94
THMAU,2021-02-02,2021-11-30,9.9,210,69225.00
TIBRU,2018-03-16,2020-02-27,11.73,491,0.00
TIF,2016-01-04,2021-01-06,131.46,1262,159286610.04
TIG,2016-12-15,2023-04-20,6.16,1596,196443.91
TIGOR,2022-05-27,2022-06-08,4.9,8,1679132.00
TISA,2016-01-04,2019-05-03,0.854,839,28010.21
TIVO,2016-01-04,2020-05-29,6.09,1109,11072113.74
TKKS,2018-09-12,2020-02-18,6.9,360,21619.81
TKKSU,2018-08-16,2020-02-18,9.45,378,1014.50
TLC,2018-11-21,2021-09-28,7.0,717,30651.00
TLDH,2016-01-04,2021-01-15,27.7401,1269,7055.87
TLEH,2016-01-04,2021-01-07,33.2301,1263,20760.24
TLI,2016-01-04,2020-11-20,9.19,1232,303780.85
TLMD,2020-11-02,2022-04-05,3.0,359,1812639.99
TLND,2016-07-29,2021-07-29,65.97,1259,8873064.76
TLP,2016-01-04,2019-02-26,40.99,792,1411231.04
TLRA,2017-09-27,2020-03-31,6.0,631,1479132.88
TMCX,2018-05-31,2019-11-14,11.0,369,472755.40
TMUSR,2020-06-24,2020-07-27,0.121,23,2251482.37
TNAV,2016-01-04,2021-02-16,4.79,1289,753799.20
TOO,2016-01-04,2020-01-22,1.545,1020,1674330.59
TOTAR,2018-08-27,2020-12-30,1.07,591,0.00
TOTAU,2018-08-02,2020-12-29,20.0,607,0.00
TOWR,2016-01-04,2019-09-27,31.0,941,3379474.42
TPCO,2018-10-10,2021-05-24,17.26,659,1206935.56
TPIV,2016-11-08,2018-10-17,8.34,489,134012.92
TPTX,2019-04-17,2022-08-16,76.01,840,22577361.71
TPVY,2017-07-19,2021-04-01,25.3,933,79135.82
TRCB,2016-01-04,2019-12-31,22.4,1006,138835.49
TRCO,2016-01-04,2019-09-18,46.66,934,32902121.90
TRDF,2022-01-07,2022-06-22,22.6,114,1559.76
TREC,2016-01-04,2022-06-24,9.81,1631,426815.50
TRIL,2016-01-04,2026-01-26,19.863,1561,713814.88
TRK,2016-01-04,2019-09-17,19.78,933,641351.84
TRMT,2017-09-14,2021-09-30,5.22,1019,140767.20
TRYP,2021-05-13,2022-07-22,3.65,301,144325.00
TSC,2016-01-04,2022-05-31,30.58,1614,2268638.45
TSG,2017-08-01,2020-05-04,27.31,694,27204520.71
TSIAU,2020-11-10,2021-06-04,11.99,142,223385.55
TSRO,2016-01-04,2019-01-18,74.96,767,78829614.94
TSS,2016-01-04,2019-09-17,133.27,933,95919565.54
TST,2016-01-04,2019-08-07,6.44,905,84822.56
TSU,2016-01-04,2020-10-12,12.28,1203,14489868.63
TTPH,2016-01-04,2020-07-28,2.2,1150,1659472.01
TTTN,2018-11-07,2020-11-18,43.6957,512,51199.22
TUFN,2019-04-11,2022-08-24,12.94,850,2799971.37
TUGCU,2021-04-29,2022-04-28,10.25,253,15028.80
TUZ,2016-01-04,2019-12-11,50.79,993,309398.97
TVIZ,2016-01-04,2018-08-14,8.15,659,88654.72
TVPT,2016-01-04,2019-05-30,15.75,857,16169296.00
TVTY,2017-01-11,2022-06-27,32.5,1374,12787006.38
TWAR,2019-06-05,2019-11-20,28.4032,119,0.00
TWCTU,2020-09-11,2021-08-30,9.61,244,218487.60
TYBS,2016-01-07,2020-09-25,13.86,1189,3281.76
TYME,2017-07-31,2022-09-16,0.3107,1293,546344.64
TYNS,2016-01-06,2019-10-11,26.2048,949,0.00
TYPE,2016-01-04,2019-10-10,19.84,950,4523627.62
TZACU,2018-08-21,2020-12-14,11.5,584,0.00
UAG,2016-01-04,2020-12-09,17.39,1244,0.00
UAUD,2017-12-12,2020-10-30,15.18,727,4761.00
UBC,2016-01-05,2018-06-25,18.15,623,0.00
UBG,2016-01-04,2020-12-09,46.06,1244,0.00
UBIO,2016-01-04,2020-03-27,17.61,1066,2011359.03
UBM,2016-01-04,2018-06-22,17.54,623,0.00
UBN,2016-01-05,2018-06-25,8.96,623,0.00
UBNK,2016-01-04,2019-10-31,14.12,965,2076894.82
UCBA,2016-01-04,2018-09-14,27.85,681,36300.00
UCFC,2016-01-04,2020-01-31,10.93,1027,748629.74
UCHF,2017-12-12,2020-10-30,23.65,727,1962.11
UCI,2016-01-04,2020-12-09,14.53,1244,143846.22
UCOM,2019-01-16,2020-03-27,26.965,302,0.00
UDBI,2016-01-04,2019-03-13,30.4418,803,0.00
UEUR,2017-12-12,2020-10-30,17.5799,727,19610.64
UFS,2016-01-04,2021-11-29,55.49,1488,24848048.83
UGBP,2017-12-12,2020-10-30,16.75,727,17565.64
UGCE,2021-04-16,2022-07-22,21.9496,320,62866.12
UHN,2016-01-04,2018-09-06,20.6,675,29487.10
UJPY,2017-12-12,2020-10-29,25.23,726,5176.82
ULBR,2017-08-29,2020-04-01,7.91,652,0.00
UQM,2016-01-04,2019-07-31,1.71,900,86204.14
UROV,2018-09-27,2021-03-26,16.24,628,492830.44
URR,2016-01-04,2020-04-28,14.01,1087,0.00
USAG,2016-01-07,2018-09-06,15.53,672,0.00
USAK,2016-01-04,2022-09-14,31.71,1687,1029843.04
USCR,2016-01-04,2021-08-25,73.99,1422,15618246.54
USDY,2018-02-14,2020-10-23,24.89,679,0.00
USHG,2019-05-23,2021-03-12,31.51,455,0.00
USOD,2017-07-20,2019-12-12,6.15,605,105836.37
USOU,2017-07-20,2019-12-12,23.27,605,756734.60
USV,2016-01-07,2020-12-09,30.5,1241,0.00
UTLF,2016-06-06,2018-08-08,26.79,549,0.00
UWN,2016-01-04,2019-06-14,2.54,868,47092.67
UWT,2016-12-09,2020-04-02,0.1636,833,109152475.25
UZA,2016-01-04,2021-08-31,25.35,1426,365398.04
UZB,2016-01-04,2021-05-11,25.34,1348,363219.21
UZC,2016-01-04,2021-06-15,25.06,1372,507205.38
VACQU,2020-09-25,2021-08-24,12.6501,230,128396.44
VALX,2016-01-04,2020-05-13,18.32,1098,10204.62
VAM,2018-05-10,2020-06-05,11.035,522,10536.97
VAR,2016-01-04,2021-04-14,177.07,1329,84772761.60
VCF,2016-01-04,2022-02-11,13.815,1540,62332.08
VCRA,2016-01-04,2022-02-22,79.13,1546,7523629.82
VCVCU,2020-11-24,2021-07-22,11.1451,165,167306.08
VEACU,2017-04-11,2019-04-15,10.19,506,0.00
VEDL,2016-01-04,2021-11-08,16.5,1474,6059962.03
VEI,2021-03-18,2021-11-01,17.58,159,4371426.36
VER,2016-01-04,2021-10-29,50.3,1468,72691547.44
VESH,2017-06-28,2018-11-27,22.47,358,0.00
VETS,2018-04-10,2021-07-27,38.62,831,0.00
VFIN,2020-12-29,2022-06-24,3.6476,375,31174.31
VIAB,2016-01-04,2019-12-04,24.22,988,141826832.88
VICL,2016-01-04,2019-08-30,0.676,922,131539.27
VIDG,2019-06-24,2019-12-26,24.69,130,15508.76
VIE,2019-10-03,2021-03-12,53.01,363,5580444.54
VIHAU,2020-09-23,2021-10-14,10.51,268,23269.08
VIIZ,2016-01-04,2018-08-13,61.92,658,38179.11
VINCU,2020-12-29,2021-03-25,27.0,60,0.00
VLP,2016-01-04,2019-01-09,42.24,760,5041787.67
VMACU,2020-08-07,2022-02-03,10.69,377,0.00
VMIN,2016-05-03,2018-11-26,2.775,648,316932.85
VMM,2016-01-04,2022-02-11,13.34,1540,173147.44
VNE,2018-07-02,2022-03-31,36.95,945,13244836.88
VOSOU,2021-01-22,2021-11-18,15.61,210,56209.47
VPOP,2020-12-29,2022-06-24,5.3348,375,6992.06
VQT,2016-01-04,2020-08-31,198.01,1174,54769.87
VRS,2016-07-19,2022-03-30,26.99,1436,4074593.83
VRTU,2016-01-04,2021-02-10,51.325,1286,7997024.75
VSI,2016-01-04,2019-12-16,6.5,996,3992814.00
VSL,2018-02-23,2022-07-28,35.46,1115,2973.25
VSLR,2016-01-04,2020-10-07,43.08,1200,2630716.83
VSM,2016-10-03,2019-10-04,52.99,757,21297588.47
VSPRU,2020-09-30,2021-05-05,14.0,150,320056.34
VTA,2016-01-04,2021-10-28,11.45,1467,2543668.67
VTAQR,2021-02-05,2022-09-21,0.2499,410,3530.72
VTAQU,2020-12-24,2022-09-21,5.73,438,1651.38
VTIQU,2018-05-16,2022-12-09,10.0599,1152,8082.89
VTRN,2020-11-11,2021-10-11,30.5619,230,0.00
VVC,2016-01-04,2019-01-31,72.38,775,23363636.80
VWTR,2021-03-09,2022-05-24,15.75,307,934935.40
WAAS,2016-10-06,2020-03-27,27.03,874,1610006.25
WAGE,2016-01-04,2019-08-29,51.34,921,15848569.20
WAIR,2016-01-04,2020-01-08,11.04,1011,4958070.00
WALA,2016-06-21,2021-11-15,25.37,1362,230288.08
WALDU,2021-03-16,2022-07-27,9.065,345,31476.60
WARR,2021-04-20,2022-09-02,10.01,348,106782.70
WBAL,2017-12-21,2020-01-17,25.9062,521,4270.59
WBC,2016-01-04,2020-05-28,136.46,1108,53833057.45
WBIA,2016-01-04,2019-10-25,22.0759,961,126020.23
WBIB,2016-01-04,2019-10-25,22.03,961,141027.13
WBIC,2016-01-04,2019-10-25,18.2,961,181865.10
WBID,2016-01-04,2019-10-25,19.6764,961,136441.10
WBIE,2016-01-04,2021-05-14,30.959,1351,154256.45
WBIH,2016-01-04,2019-06-06,21.5555,862,647766.71
WBIN,2019-07-19,2021-05-14,17.25,460,52751.73
WBIR,2016-07-27,2019-06-07,22.761,721,75171.84
WBK,2016-01-04,2022-01-28,14.2,1530,4190375.65
WBT,2017-03-06,2022-07-28,24.01,1360,19509388.01
WCG,2016-01-04,2020-01-23,349.92,1021,79155752.78
WCHN,2017-12-21,2020-05-27,27.7701,610,107099.23
WDR,2016-01-04,2021-04-30,24.98,1341,18612627.21
WDRW,2016-01-11,2020-03-27,40.76,1061,36556.00
WEB,2016-01-04,2018-10-10,27.99,699,6890467.28
WEBK,2016-01-04,2020-05-29,34.0,1109,29289.90
WGLD,2021-02-18,2022-08-22,16.097,381,7175.09
WHFBZ,2018-11-30,2021-12-16,25.06,767,35646.52
WIFI,2016-01-04,2021-06-01,13.99,1362,6433032.91
WLH,2016-01-04,2020-02-05,24.37,1030,7262224.87
WLL,2016-01-04,2022-06-30,68.03,1635,94098051.60
WMCR,2016-01-04,2019-02-20,32.75,788,58451.62
WMGI,2016-01-04,2020-11-10,29.98,1224,31063726.73
WORK,2019-06-20,2021-07-20,45.2,525,281245296.78
WP,2018-01-16,2019-07-30,135.0,387,219196126.68
WPX,2016-01-04,2021-01-06,9.43,1262,84920777.59
WREI,2016-01-04,2019-02-20,48.72,788,35404.95
WRI,2016-01-04,2021-08-03,31.44,1406,25375050.03
WRLSR,2017-08-08,2020-04-07,0.2188,671,230.00
WRLSU,2017-07-27,2020-04-07,3.7814,679,0.00
WSCI,2016-01-04,2018-11-07,6.99,719,16338.86
WSG,2019-07-26,2021-01-29,2.495,382,301404.62
WTREP,2019-08-12,2021-07-12,25.09,483,4950.00
WTRU,2019-04-26,2022-04-29,53.31,760,1225335.58
WUBA,2016-01-04,2020-09-17,55.88,1186,55265252.68
WWOW,2020-12-17,2022-09-23,18.1701,445,7998.42
WYDE,2016-01-04,2019-08-02,31.18,902,0.00
XCRA,2016-01-04,2018-09-28,14.27,691,2804335.65
XEC,2016-01-04,2021-09-30,87.2,1447,99204214.38
XENT,2016-01-04,2022-05-12,28.24,1602,6495592.08
XGTI,2016-01-04,2019-03-04,0.45,796,284904.12
XINA,2016-01-04,2019-05-29,19.865,856,3817.12
XIVH,2016-07-14,2018-06-25,15.28,491,77853.69
XL,2016-01-04,2022-11-11,1.14,1729,14066812.76
XLEY,2018-12-06,2019-11-22,22.61,244,0.00
XLNX,2016-01-04,2022-02-11,194.92,1540,236214374.86
XLRN,2016-01-04,2021-11-19,178.75,1483,17121015.87
XLTY,2018-12-06,2019-10-21,24.33,220,0.00
XLUY,2018-12-06,2019-11-22,25.98,244,4217.36
XMX,2017-02-10,2019-10-21,30.2,678,0.00
XOG,2016-10-12,2021-11-01,68.54,1273,13413539.25
XON,2016-01-04,2020-01-31,4.65,1027,19385390.36
XOXO,2016-01-04,2018-12-20,34.99,748,1948490.77
XPDIU,2021-02-10,2022-01-19,10.57,238,150621.68
XPLR,2016-01-04,2018-08-13,5.99,658,80019.18
XPOA,2020-12-11,2022-08-05,8.66,415,882880.70
XRM,2016-01-04,2018-10-16,13.49,703,370345.08
XTH,2016-06-28,2020-05-29,70.66,987,9047.52
XUSA,2017-01-26,2019-05-15,29.13,579,5152.00
XVZ,2016-01-05,2021-08-17,38.385,1415,17655.72
YAO,2016-01-04,2019-02-20,31.37,788,48092.75
YCOM,2019-01-16,2020-09-29,15.7245,430,0.00
YESR,2017-08-30,2018-10-04,23.8,277,5739.76
YGRN,2019-04-30,2020-12-04,40.71,406,0.00
YIN,2016-04-27,2020-11-17,7.25,1150,269130.00
YMLI,2016-01-04,2019-10-18,10.34,956,60745.80
ZAGG,2016-01-04,2021-02-22,4.29,1293,3521219.55
ZAYO,2016-01-04,2020-03-06,34.99,1051,80759144.97
ZCAN,2018-09-18,2021-03-17,70.0,628,35787.68
ZDEU,2018-09-27,2021-03-17,67.26,621,14694.52
ZDVSV,2021-10-01,2021-10-07,123.0,5,204720.00
ZF,2016-01-04,2019-11-15,11.22,976,877769.76
ZGBR,2018-09-18,2021-03-17,48.82,628,43469.13
ZGNX,2016-01-04,2022-03-04,26.68,1554,15839490.18
ZGYH,2020-05-22,2021-11-19,10.28,379,68785.31
ZGYHR,2020-05-13,2021-11-19,0.3999,386,1822.50
ZGYHU,2020-02-13,2021-11-05,10.71,438,2225.91
ZHOK,2018-09-19,2021-03-17,72.3,627,57465.78
ZIONN,2020-01-02,2021-06-11,25.0,364,120452.37
ZIXI,2016-01-04,2021-12-22,8.485,1505,2396771.46
ZJPN,2018-09-18,2021-03-17,91.34,628,21412.10
ZMLP,2016-01-04,2020-10-16,53.61,1207,303018.41
ZNGA,2016-01-04,2022-05-20,8.18,1608,76183023.94
ZNTEU,2020-11-17,2022-05-09,11.525,371,13306.86
