period,real_gdp_chained_millions
1947-Q1,2182681.0
1947-Q2,2176892.0
1947-Q3,2172432.0
1947-Q4,2206452.0
1948-Q1,2239682.0
1948-Q2,2276690.0
1948-Q3,2289770.0
1948-Q4,2292364.0
1949-Q1,2260807.0
1949-Q2,2253128.0
1949-Q3,2276424.0
1949-Q4,2257352.0
1950-Q1,2346104.0
1950-Q2,2417682.0
1950-Q3,2511127.0
1950-Q4,2559214.0
1951-Q1,2593967.0
1951-Q2,2638898.0
1951-Q3,2693259.0
1951-Q4,2699156.0
1952-Q1,2727954.0
1952-Q2,2733800.0
1952-Q3,2753517.0
1952-Q4,2843941.0
1953-Q1,2896811.0
1953-Q2,2919206.0
1953-Q3,2902785.0
1953-Q4,2858845.0
1954-Q1,2845192.0
1954-Q2,2848305.0
1954-Q3,2880482.0
1954-Q4,2936852.0
1955-Q1,3020746.0
1955-Q2,3069910.0
1955-Q3,3111379.0
1955-Q4,3130068.0
1956-Q1,3117922.0
1956-Q2,3143694.0
1956-Q3,3140874.0
1956-Q4,3192570.0
1957-Q1,3213011.0
1957-Q2,3205970.0
1957-Q3,3237386.0
1957-Q4,3203894.0
1958-Q1,3120724.0
1958-Q2,3141224.0
1958-Q3,3213884.0
1958-Q4,3289032.0
1959-Q1,3352129.0
1959-Q2,3427667.0
1959-Q3,3430057.0
1959-Q4,3439832.0
1960-Q1,3517181.0
1960-Q2,3498246.0
1960-Q3,3515385.0
1960-Q4,3470278.0
1961-Q1,3493703.0
1961-Q2,3553021.0
1961-Q3,3621252.0
1961-Q4,3692289.0
1962-Q1,3758147.0
1962-Q2,3792149.0
1962-Q3,3838776.0
1962-Q4,3851421.0
1963-Q1,3893482.0
1963-Q2,3937183.0
1963-Q3,4023755.0
1963-Q4,4050147.0
1964-Q1,4135553.0
1964-Q2,4180592.0
1964-Q3,4245918.0
1964-Q4,4259046.0
1965-Q1,4362111.0
1965-Q2,4417225.0
1965-Q3,4515427.0
1965-Q4,4619458.0
1966-Q1,4731888.0
1966-Q2,4748046.0
1966-Q3,4788254.0
1966-Q4,4827537.0
1967-Q1,4870299.0
1967-Q2,4873287.0
1967-Q3,4919392.0
1967-Q4,4956477.0
1968-Q1,5057553.0
1968-Q2,5142033.0
1968-Q3,5181859.0
1968-Q4,5202212.0
1969-Q1,5283597.0
1969-Q2,5299625.0
1969-Q3,5334600.0
1969-Q4,5308556.0
1970-Q1,5300652.0
1970-Q2,5308164.0
1970-Q3,5357077.0
1970-Q4,5299672.0
1971-Q1,5443619.0
1971-Q2,5473059.0
1971-Q3,5518072.0
1971-Q4,5531032.0
1972-Q1,5632649.0
1972-Q2,5760470.0
1972-Q3,5814854.0
1972-Q4,5912220.0
1973-Q1,6058544.0
1973-Q2,6124506.0
1973-Q3,6092301.0
1973-Q4,6150131.0
1974-Q1,6097258.0
1974-Q2,6111751.0
1974-Q3,6053978.0
1974-Q4,6030464.0
1975-Q1,5957035.0
1975-Q2,5999610.0
1975-Q3,6102326.0
1975-Q4,6184530.0
1976-Q1,6323649.0
1976-Q2,6370025.0
1976-Q3,6404895.0
1976-Q4,6451177.0
1977-Q1,6527703.0
1977-Q2,6654466.0
1977-Q3,6774457.0
1977-Q4,6774592.0
1978-Q1,6796260.0
1978-Q2,7058920.0
1978-Q3,7129915.0
1978-Q4,7225750.0
1979-Q1,7238727.0
1979-Q2,7246454.0
1979-Q3,7300281.0
1979-Q4,7318535.0
1980-Q1,7341557.0
1980-Q2,7190289.0
1980-Q3,7181743.0
1980-Q4,7315677.0
1981-Q1,7459022.0
1981-Q2,7403745.0
1981-Q3,7492405.0
1981-Q4,7410768.0
1982-Q1,7295631.0
1982-Q2,7328912.0
1982-Q3,7300896.0
1982-Q4,7303817.0
1983-Q1,7400066.0
1983-Q2,7568456.0
1983-Q3,7719746.0
1983-Q4,7880794.0
1984-Q1,8034847.0
1984-Q2,8173670.0
1984-Q3,8252465.0
1984-Q4,8320199.0
1985-Q1,8400820.0
1985-Q2,8474787.0
1985-Q3,8604220.0
1985-Q4,8668188.0
1986-Q1,8749127.0
1986-Q2,8788524.0
1986-Q3,8872601.0
1986-Q4,8920193.0
1987-Q1,8986367.0
1987-Q2,9083256.0
1987-Q3,9162024.0
1987-Q4,9319332.0
1988-Q1,9367502.0
1988-Q2,9490594.0
1988-Q3,9546206.0
1988-Q4,9673405.0
1989-Q1,9771725.0
1989-Q2,9846293.0
1989-Q3,9919228.0
1989-Q4,9938767.0
1990-Q1,10047386.0
1990-Q2,10083855.0
1990-Q3,10090569.0
1990-Q4,9998704.0
1991-Q1,9951916.0
1991-Q2,10029510.0
1991-Q3,10080195.0
1991-Q4,10115329.0
1992-Q1,10236435.0
1992-Q2,10347429.0
1992-Q3,10449673.0
1992-Q4,10558648.0
1993-Q1,10576275.0
1993-Q2,10637847.0
1993-Q3,10688606.0
1993-Q4,10833987.0
1994-Q1,10939116.0
1994-Q2,11087361.0
1994-Q3,11152176.0
1994-Q4,11279932.0
1995-Q1,11319951.0
1995-Q2,11353721.0
1995-Q3,11450310.0
1995-Q4,11528067.0
1996-Q1,11614418.0
1996-Q2,11808140.0
1996-Q3,11914063.0
1996-Q4,12037775.0
1997-Q1,12115472.0
1997-Q2,12317221.0
1997-Q3,12471010.0
1997-Q4,12577495.0
1998-Q1,12703742.0
1998-Q2,12821339.0
1998-Q3,12982752.0
1998-Q4,13191670.0
1999-Q1,13315597.0
1999-Q2,13426748.0
1999-Q3,13604771.0
1999-Q4,13827980.0
2000-Q1,13878147.0
2000-Q2,14130908.0
2000-Q3,14145312.0
2000-Q4,14229765.0
2001-Q1,14183120.0
2001-Q2,14271694.0
2001-Q3,14214516.0
2001-Q4,14253574.0
2002-Q1,14372785.0
2002-Q2,14460848.0
2002-Q3,14519633.0
2002-Q4,14537580.0
2003-Q1,14614141.0
2003-Q2,14743567.0
2003-Q3,14988782.0
2003-Q4,15162760.0
2004-Q1,15248680.0
2004-Q2,15366850.0
2004-Q3,15512619.0
2004-Q4,15670880.0
2005-Q1,15844727.0
2005-Q2,15922782.0
2005-Q3,16047587.0
2005-Q4,16136734.0
2006-Q1,16353835.0
2006-Q2,16396151.0
2006-Q3,16420738.0
2006-Q4,16561866.0
2007-Q1,16611690.0
2007-Q2,16713314.0
2007-Q3,16809587.0
2007-Q4,16915191.0
2008-Q1,16843003.0
2008-Q2,16943291.0
2008-Q3,16854295.0
2008-Q4,16485350.0
2009-Q1,16298262.0
2009-Q2,16269145.0
2009-Q3,16326281.0
2009-Q4,16502754.0
2010-Q1,16582710.0
2010-Q2,16743162.0
2010-Q3,16872266.0
2010-Q4,16960864.0
2011-Q1,16920632.0
2011-Q2,17035114.0
2011-Q3,17031313.0
2011-Q4,17222583.0
2012-Q1,17367010.0
2012-Q2,17444525.0
2012-Q3,17469650.0
2012-Q4,17489852.0
2013-Q1,17662400.0
2013-Q2,17709671.0
2013-Q3,17860450.0
2013-Q4,18016147.0
2014-Q1,17953974.0
2014-Q2,18185911.0
2014-Q3,18406941.0
2014-Q4,18500031.0
2015-Q1,18666621.0
2015-Q2,18782243.0
2015-Q3,18857418.0
2015-Q4,18892206.0
2016-Q1,19001690.0
2016-Q2,19062709.0
2016-Q3,19197938.0
2016-Q4,19304352.0
2017-Q1,19398343.0
2017-Q2,19506949.0
2017-Q3,19660766.0
2017-Q4,19882352.0
2018-Q1,20044077.0
2018-Q2,20150476.0
2018-Q3,20276154.0
2018-Q4,20304874.0
2019-Q1,20431641.0
2019-Q2,20602275.0
2019-Q3,20843322.0
2019-Q4,20985448.0
2020-Q1,20709212.0
2020-Q2,19077992.0
2020-Q3,20558879.0
2020-Q4,20791917.0
2021-Q1,21082134.0
2021-Q2,21440929.0
2021-Q3,21617828.0
2021-Q4,21988737.0
2022-Q1,21932710.0
2022-Q2,21967045.0
2022-Q3,22125625.0
2022-Q4,22278345.0
2023-Q1,22439607.0
2023-Q2,22580499.0
2023-Q3,22840989.0
2023-Q4,23033780.0
2024-Q1,23082119.0
2024-Q2,23286508.0
2024-Q3,23478570.0
2024-Q4,23586542.0
2025-Q1,23548210.0
2025-Q2,23770976.0
2025-Q3,24026834.0
2025-Q4,24055749.0
2026-Q1,24180419.0
2026-Q2,24269613.0
